exercise_id,exercise_name,primary_muscle_group,equipment,secondary_muscles
ex-45-degree-leg-press,45 Degree Leg Press,quads,machine,
ex-ab-crunch,Ab Crunch,core,bodyweight,
ex-ab-wheel-rollout,Ab Wheel Rollout,core,other,
ex-alternating-dumbbell-curl,Alternating Dumbbell Curl,biceps,dumbbell,
ex-arnold-press,Arnold Press,shoulders,dumbbell,
ex-assault-bike,Assault Bike,cardio,cardio_machine,
ex-assisted-pull-up,Assisted Pull-Up,back,machine,
ex-back-extension,Back Extension,back,machine,
ex-barbell-curl,Barbell Curl,biceps,barbell,
ex-barbell-front-squat,Barbell Front Squat,quads,barbell,
ex-barbell-glute-bridge,Barbell Glute Bridge,glutes,barbell,
ex-barbell-good-morning,Barbell Good Morning,hamstrings,barbell,
ex-barbell-overhead-press,Barbell Overhead Press,shoulders,barbell,
ex-barbell-romanian-deadlift,Barbell Romanian Deadlift,hamstrings,barbell,
ex-barbell-row,Barbell Row,back,barbell,
ex-barbell-thruster,Barbell Thruster,full_body,barbell,
ex-bayesian-cable-curl,Bayesian Cable Curl,biceps,cable,
ex-belt-squat,Belt Squat,quads,machine,
ex-bench-dip,Bench Dip,triceps,bodyweight,
ex-bench-press,Bench Press,chest,barbell,
ex-biceps-curl,Biceps Curl,biceps,dumbbell,
ex-bicycle-crunch,Bicycle Crunch,core,bodyweight,
ex-bulgarian,Bulgarian Split Squat,glutes,dumbbell,
ex-burpee,Burpee,full_body,bodyweight,
ex-cable-crunch,Cable Crunch,core,cable,
ex-cable-curl,Cable Curl,biceps,cable,
ex-cable-fly,Cable Fly,chest,cable,
ex-cable-front-raise,Cable Front Raise,shoulders,cable,
ex-cable-hip-abduction,Cable Hip Abduction,glutes,cable,
ex-cable-kickback,Cable Kickback,glutes,cable,
ex-cable-lateral-raise,Cable Lateral Raise,shoulders,cable,
ex-cable-pull-through,Cable Pull Through,hamstrings,cable,
ex-cable-rear-delt-fly,Cable Rear Delt Fly,shoulders,cable,
ex-cable-woodchop,Cable Woodchop,core,cable,
ex-calf,Calf Raise,calves,machine,
ex-captain-s-chair-leg-raise,Captain's Chair Leg Raise,core,machine,
ex-chest-dip,Chest Dip,chest,bodyweight,
ex-chest-press,Chest Press,chest,machine,
ex-chest-supported-dumbbell-row,Chest Supported Dumbbell Row,back,dumbbell,
ex-chest-supported-t-bar-row,Chest Supported T-Bar Row,back,machine,
ex-chin-up,Chin-Up,back,bodyweight,
ex-clean,Clean,full_body,barbell,
ex-clean-and-jerk,Clean and Jerk,full_body,barbell,
ex-close-grip-bench-press,Close Grip Bench Press,chest,barbell,
ex-close-grip-lat-pulldown,Close Grip Lat Pulldown,back,cable,
ex-close-grip-seated-cable-row,Close Grip Seated Cable Row,back,cable,
ex-concentration-curl,Concentration Curl,biceps,dumbbell,
ex-conventional-deadlift,Conventional Deadlift,back,barbell,
ex-cross-body-hammer-curl,Cross Body Hammer Curl,biceps,dumbbell,
ex-cycling,Cycling,cardio,cardio_machine,
ex-dead-bug,Dead Bug,core,bodyweight,
ex-decline-barbell-bench-press,Decline Barbell Bench Press,chest,barbell,
ex-decline-chest-press-machine,Decline Chest Press Machine,chest,machine,
ex-decline-dumbbell-bench-press,Decline Dumbbell Bench Press,chest,dumbbell,
ex-decline-sit-up,Decline Sit-Up,core,bodyweight,
ex-donkey-calf-raise,Donkey Calf Raise,calves,machine,
ex-dumbbell-bench-press,Dumbbell Bench Press,chest,dumbbell,
ex-dumbbell-bulgarian-split-squat,Dumbbell Bulgarian Split Squat,quads,dumbbell,
ex-dumbbell-curl,Dumbbell Curl,biceps,dumbbell,
ex-dumbbell-farmer-s-walk,Dumbbell Farmer's Walk,full_body,dumbbell,
ex-dumbbell-fly,Dumbbell Fly,chest,dumbbell,
ex-dumbbell-front-raise,Dumbbell Front Raise,shoulders,dumbbell,
ex-dumbbell-hip-thrust,Dumbbell Hip Thrust,glutes,dumbbell,
ex-dumbbell-overhead-tricep-extension,Dumbbell Overhead Tricep Extension,triceps,dumbbell,
ex-dumbbell-preacher-curl,Dumbbell Preacher Curl,biceps,dumbbell,
ex-dumbbell-pullover,Dumbbell Pullover,back,dumbbell,
ex-dumbbell-romanian-deadlift,Dumbbell Romanian Deadlift,hamstrings,dumbbell,
ex-db-row,Dumbbell Row,back,dumbbell,
ex-dumbbell-shoulder-press,Dumbbell Shoulder Press,shoulders,dumbbell,
ex-dumbbell-single-leg-romanian-deadlift,Dumbbell Single Leg Romanian Deadlift,hamstrings,dumbbell,
ex-dumbbell-skull-crusher,Dumbbell Skull Crusher,triceps,dumbbell,
ex-dumbbell-step-up,Dumbbell Step-Up,quads,dumbbell,
ex-dumbbell-thruster,Dumbbell Thruster,full_body,dumbbell,
ex-dumbbell-upright-row,Dumbbell Upright Row,shoulders,dumbbell,
ex-dumbbell-walking-lunge,Dumbbell Walking Lunge,quads,dumbbell,
ex-elliptical,Elliptical,cardio,cardio_machine,
ex-ez-bar-curl,EZ Bar Curl,biceps,barbell,
ex-ez-bar-preacher-curl,EZ Bar Preacher Curl,biceps,barbell,
ex-ez-bar-skull-crusher,EZ Bar Skull Crusher,triceps,barbell,
ex-face-pull,Face Pull,shoulders,cable,
ex-farmer-s-walk,Farmer's Walk,full_body,other,
ex-forward-lunge,Forward Lunge,quads,dumbbell,
ex-frog-pump,Frog Pump,glutes,bodyweight,
ex-glute-bridge,Glute Bridge,glutes,bodyweight,
ex-glute-ham-raise,Glute Ham Raise,hamstrings,machine,
ex-goblet-squat,Goblet Squat,quads,dumbbell,
ex-good-morning,Good Morning,hamstrings,barbell,
ex-hack-squat,Hack Squat,quads,machine,
ex-hammer-curl,Hammer Curl,biceps,dumbbell,
ex-hanging-knee-raise,Hanging Knee Raise,core,bodyweight,
ex-hanging-leg-raise,Hanging Leg Raise,core,bodyweight,
ex-high-bar-squat,High Bar Squat,quads,barbell,
ex-high-row-machine,High Row Machine,back,machine,
ex-high-to-low-cable-fly,High to Low Cable Fly,chest,cable,
ex-hip-abd,Hip Abduction,glutes,machine,
ex-hip-thrust,Hip Thrust,glutes,barbell,
ex-horizontal-leg-press,Horizontal Leg Press,quads,machine,
ex-incline-bench,Incline Bench Press,chest,barbell,
ex-incline-chest-press-machine,Incline Chest Press Machine,chest,machine,
ex-incline-dumbbell-bench-press,Incline Dumbbell Bench Press,chest,dumbbell,
ex-incline-dumbbell-curl,Incline Dumbbell Curl,biceps,dumbbell,
ex-incline-dumbbell-fly,Incline Dumbbell Fly,chest,dumbbell,
ex-iso-lateral-row,Iso-Lateral Row,back,machine,
ex-jump-rope,Jump Rope,cardio,other,
ex-kettlebell-farmer-s-walk,Kettlebell Farmer's Walk,full_body,kettlebell,
ex-kettlebell-swing,Kettlebell Swing,full_body,kettlebell,
ex-lat-pulldown,Lat Pulldown,back,cable,
ex-lateral-raise,Lateral Raise,shoulders,dumbbell,
ex-leg-curl,Leg Curl,hamstrings,machine,
ex-leg-ext,Leg Extension,quads,machine,
ex-leg-press,Leg Press,quads,machine,
ex-leg-press-calf-raise,Leg Press Calf Raise,calves,machine,
ex-leg-raise,Leg Raise,core,bodyweight,
ex-low-bar-squat,Low Bar Squat,quads,barbell,
ex-low-row-machine,Low Row Machine,back,machine,
ex-low-to-high-cable-fly,Low to High Cable Fly,chest,cable,
ex-lying-leg-curl,Lying Leg Curl,hamstrings,machine,
ex-lying-tricep-extension,Lying Tricep Extension,triceps,barbell,
ex-machine-back-extension,Machine Back Extension,back,machine,
ex-machine-crunch,Machine Crunch,core,machine,
ex-machine-glute-kickback,Machine Glute Kickback,glutes,machine,
ex-machine-hip-thrust,Machine Hip Thrust,glutes,machine,
ex-machine-lateral-raise,Machine Lateral Raise,shoulders,machine,
ex-machine-preacher-curl,Machine Preacher Curl,biceps,machine,
ex-machine-pullover,Machine Pullover,back,machine,
ex-machine-row,Machine Row,back,machine,
ex-machine-seated-calf-raise,Machine Seated Calf Raise,calves,machine,
ex-machine-shoulder-press,Machine Shoulder Press,shoulders,machine,
ex-machine-standing-calf-raise,Machine Standing Calf Raise,calves,machine,
ex-meadows-row,Meadows Row,back,barbell,
ex-neutral-grip-lat-pulldown,Neutral Grip Lat Pulldown,back,cable,
ex-neutral-grip-pull-up,Neutral Grip Pull-Up,back,bodyweight,
ex-nordic-hamstring-curl,Nordic Hamstring Curl,hamstrings,bodyweight,
ex-outdoor-walking,Outdoor Walking,cardio,other,
ex-overhead-cable-tricep-extension,Overhead Cable Tricep Extension,triceps,cable,
ex-pallof-press,Pallof Press,core,cable,
ex-pec-deck,Pec Deck,chest,machine,
ex-pendlay-row,Pendlay Row,back,barbell,
ex-pendulum-squat,Pendulum Squat,quads,machine,
ex-plank,Plank,core,bodyweight,
ex-plate-front-raise,Plate Front Raise,shoulders,other,
ex-plate-loaded-chest-press,Plate Loaded Chest Press,chest,machine,
ex-plate-loaded-row,Plate Loaded Row,back,machine,
ex-power-clean,Power Clean,full_body,barbell,
ex-preacher-curl,Preacher Curl,biceps,barbell,
ex-pull-up,Pull-Up,back,bodyweight,
ex-push-up,Push-Up,chest,bodyweight,
ex-rack-pull,Rack Pull,back,barbell,
ex-rear-delt,Rear Delt Fly,shoulders,dumbbell,
ex-reverse-crunch,Reverse Crunch,core,bodyweight,
ex-reverse-curl,Reverse Curl,biceps,barbell,
ex-reverse-grip-tricep-pushdown,Reverse Grip Tricep Pushdown,triceps,cable,
ex-reverse-lunge,Reverse Lunge,quads,dumbbell,
ex-reverse-pec-deck,Reverse Pec Deck,shoulders,machine,
ex-rdl,Romanian Deadlift,hamstrings,barbell,
ex-rope-hammer-curl,Rope Hammer Curl,biceps,cable,
ex-rope-overhead-tricep-extension,Rope Overhead Tricep Extension,triceps,cable,
ex-rope-tricep-pushdown,Rope Tricep Pushdown,triceps,cable,
ex-rowing,Rowing,cardio,cardio_machine,
ex-running,Running,cardio,cardio_machine,
ex-russian-twist,Russian Twist,core,bodyweight,
ex-seated-barbell-shoulder-press,Seated Barbell Shoulder Press,shoulders,barbell,
ex-seated-row,Seated Cable Row,back,cable,
ex-seated-calf-raise,Seated Calf Raise,calves,machine,
ex-seated-dumbbell-shoulder-press,Seated Dumbbell Shoulder Press,shoulders,dumbbell,
ex-seated-leg-curl,Seated Leg Curl,hamstrings,machine,
ex-shoulder-press,Shoulder Press,shoulders,dumbbell,
ex-side-plank,Side Plank,core,bodyweight,
ex-single-arm-cable-lateral-raise,Single Arm Cable Lateral Raise,shoulders,cable,
ex-single-arm-cable-row,Single Arm Cable Row,back,cable,
ex-single-arm-dumbbell-row,Single Arm Dumbbell Row,back,dumbbell,
ex-single-arm-dumbbell-tricep-extension,Single Arm Dumbbell Tricep Extension,triceps,dumbbell,
ex-single-arm-lat-pulldown,Single Arm Lat Pulldown,back,cable,
ex-single-arm-tricep-pushdown,Single Arm Tricep Pushdown,triceps,cable,
ex-single-leg-calf-raise,Single Leg Calf Raise,calves,bodyweight,
ex-single-leg-curl,Single Leg Curl,hamstrings,machine,
ex-single-leg-extension,Single Leg Extension,quads,machine,
ex-single-leg-press,Single Leg Press,quads,machine,
ex-single-leg-romanian-deadlift,Single Leg Romanian Deadlift,hamstrings,dumbbell,
ex-sissy-squat,Sissy Squat,quads,bodyweight,
ex-sit-up,Sit-Up,core,bodyweight,
ex-skierg,SkiErg,cardio,cardio_machine,
ex-skull-crusher,Skull Crusher,triceps,barbell,
ex-smith-machine-bench-press,Smith Machine Bench Press,chest,smith,
ex-smith-machine-bulgarian-split-squat,Smith Machine Bulgarian Split Squat,quads,smith,
ex-smith-machine-calf-raise,Smith Machine Calf Raise,calves,smith,
ex-smith-machine-hip-thrust,Smith Machine Hip Thrust,glutes,smith,
ex-smith-machine-incline-bench-press,Smith Machine Incline Bench Press,chest,smith,
ex-smith-machine-lunge,Smith Machine Lunge,quads,smith,
ex-smith-machine-romanian-deadlift,Smith Machine Romanian Deadlift,hamstrings,smith,
ex-smith-machine-shoulder-press,Smith Machine Shoulder Press,shoulders,smith,
ex-smith-machine-squat,Smith Machine Squat,quads,smith,
ex-snatch,Snatch,full_body,barbell,
ex-spider-curl,Spider Curl,biceps,barbell,
ex-spinning-bike,Spinning Bike,cardio,cardio_machine,
ex-squat,Squat,quads,barbell,
ex-stairmaster,Stairmaster,cardio,cardio_machine,
ex-standing-calf-raise,Standing Calf Raise,calves,machine,
ex-standing-hip-abduction,Standing Hip Abduction,glutes,cable,
ex-standing-leg-curl,Standing Leg Curl,hamstrings,machine,
ex-step-up,Step-Up,quads,dumbbell,
ex-stiff-leg-deadlift,Stiff Leg Deadlift,hamstrings,barbell,
ex-straight-arm-pulldown,Straight Arm Pulldown,back,cable,
ex-straight-bar-cable-curl,Straight Bar Cable Curl,biceps,cable,
ex-straight-bar-tricep-pushdown,Straight Bar Tricep Pushdown,triceps,cable,
ex-sumo-deadlift,Sumo Deadlift,glutes,barbell,
ex-sumo-squat,Sumo Squat,glutes,dumbbell,
ex-swimming,Swimming,cardio,other,
ex-t-bar-row,T-Bar Row,back,barbell,
ex-toe-touch,Toe Touch,core,bodyweight,
ex-treadmill-walking,Treadmill Walking,cardio,cardio_machine,
ex-tricep-dip,Tricep Dip,triceps,bodyweight,
ex-tricep-extension-machine,Tricep Extension Machine,triceps,machine,
ex-triceps-pushdown,Triceps Pushdown,triceps,cable,
ex-upright-row,Upright Row,shoulders,barbell,
ex-v-bar-tricep-pushdown,V-Bar Tricep Pushdown,triceps,cable,
ex-v-up,V-Up,core,bodyweight,
ex-walking-lunge,Walking Lunge,quads,dumbbell,
ex-weighted-crunch,Weighted Crunch,core,other,
ex-weighted-plank,Weighted Plank,core,other,
ex-weighted-pull-up,Weighted Pull-Up,back,bodyweight,
ex-weighted-push-up,Weighted Push-Up,chest,bodyweight,
ex-weighted-sit-up,Weighted Sit-Up,core,other,
ex-wide-grip-lat-pulldown,Wide Grip Lat Pulldown,back,cable,
ex-wide-grip-seated-cable-row,Wide Grip Seated Cable Row,back,cable,
