chain,name,address,zip,city,country
Nordic Wellness,Nordic Wellness Alingsås E-lux,Lärkvägen 4,441 40,Alingsås,SE
Nordic Wellness,Nordic Wellness Alingsås Hälsostudion,Kolavägen 2A,441 55,Alingsås,SE
Nordic Wellness,Nordic Wellness Alingsås Kungsgatan,Kungsgatan 38,441 30,Alingsås,SE
Nordic Wellness,Nordic Wellness Alingsås Padel,Hemvägen 20,441 40,Alingsås,SE
Nordic Wellness,Nordic Wellness Angered Centrum,Angereds Torg 1,424 65,Angered,SE
Nordic Wellness,Nordic Wellness Avesta Bryggaregatan,Bryggaregatan 2,774 30,Avesta,SE
Nordic Wellness,Nordic Wellness Bankeryd Sjöåkravägen,Sjöåkravägen 25,564 31,Bankeryd,SE
Nordic Wellness,Nordic Wellness Barkarby Gate,Barkarbyvägen 35,177 44,Järfälla,SE
Nordic Wellness,Nordic Wellness Billdal Skintebo,Lilla Skintebovägen 4,427 34,Billdal,SE
Nordic Wellness,Nordic Wellness Bjärred Centrum,Vikingavägen 1,237 31,Bjärred,SE
Nordic Wellness,Nordic Wellness Boden Arena,Komponentvägen 2,961 43,Boden,SE
Nordic Wellness,Nordic Wellness Boden Winternet,Intendenturvägen 11,961 36,Boden,SE
Nordic Wellness,Nordic Wellness Bollebygd Centrum,Ballebovägen 1,517 36,Bollebygd,SE
Nordic Wellness,Nordic Wellness Borås Armbåga Padel,Armbågavägen 3,506 30,Borås,SE
Nordic Wellness,Nordic Wellness Borås Brämhult,Källbäcksrydsgatan 2,507 42,Borås,SE
Nordic Wellness,Nordic Wellness Borås City,Österlånggatan 74,503 37,Borås,SE
Nordic Wellness,Nordic Wellness Borås Knalleland,Skaraborgsvägen 64,506 30,Borås,SE
Nordic Wellness,Nordic Wellness Borås Viared,Viaredsvägen 4A,504 64,Borås,SE
Nordic Wellness,Nordic Wellness Borås Åhaga,Trandögatan 24,504 33,Borås,SE
Nordic Wellness,Nordic Wellness Burlöv Center,Kronetorpsvägen 2,232 37,Arlöv,SE
Nordic Wellness,Nordic Wellness Båstad City,Köpmansgatan 70,269 31,Båstad,SE
Nordic Wellness,Nordic Wellness Båstad Station,Stationstorget 5,269 43,Båstad,SE
Nordic Wellness,Nordic Wellness Danderyd Mörby Centrum,Golfvägen 8. Plan 4 uppgång E,182 31,Danderyd,SE
Nordic Wellness,Nordic Wellness Ekerö Centrum,Tegelbruksvägen 1a,178 30,Ekerö,SE
Nordic Wellness,Nordic Wellness Endorfin Alingsås,Hemvägen 19,441 39,Alingsås,SE
Nordic Wellness,Nordic Wellness Endorfin Crossfit Alingsås,Hemvägen 20 C,441 40,Alingsås,SE
Nordic Wellness,Nordic Wellness Endorfin Lerum,Gråbovägen 13,443 60,Stenkullen,SE
Nordic Wellness,Nordic Wellness Endorfin Livsstilscenter Alingsås,Hemvägen 19,441 39,Alingsås,SE
Nordic Wellness,Nordic Wellness Endorfin Mjörnvallen Alingsås,Mjörnstrandsvägen,441 44,Alingsås,SE
Nordic Wellness,Nordic Wellness Endorfin Stadsskogen Alingsås,Stadsskogsgatan 49,441 46,Alingsås,SE
Nordic Wellness,Nordic Wellness Endorfin Vårgårda,Kungsgatan 21,447 33,Vårgårda,SE
Nordic Wellness,Nordic Wellness Enköping Centrum,Eriksgatan 21,749 35,Enköping,SE
Nordic Wellness,Nordic Wellness Eskilstuna Rondellen,Gårdskälsgatan,633 54,Eskilstuna,SE
Nordic Wellness,Nordic Wellness Eskilstuna Skjulstagatan,Skjulstagatan 3,632 29,Eskilstuna,SE
Nordic Wellness,Nordic Wellness Eskilstuna Tuna Park,Gunborg Nymans väg 1,632 22,Eskilstuna,SE
Nordic Wellness,Nordic Wellness Fagersta,Kristiansbergsvägen 2,737 30,Fagersta,SE
Nordic Wellness,Nordic Wellness Falkenberg City,Storgatan 35,311 31,Falkenberg,SE
Nordic Wellness,Nordic Wellness Falkenberg Tånga Handelsplats,Dalkullevägen 20,311 39,Falkenberg,SE
Nordic Wellness,Nordic Wellness Falköping Sankt Olofsgatan,S:t Olofsgatan 46,521 35,Falköping,SE
Nordic Wellness,Nordic Wellness Farsta Centrum,Karlandaplan 10,123 47,Farsta,SE
Nordic Wellness,Nordic Wellness Flen,Norra Kungsgatan 4,642 37,Flen,SE
Nordic Wellness,Nordic Wellness Floda Centrum,Rurik Holms väg 4,448 30,Floda,SE
Nordic Wellness,Nordic Wellness Frillesås Padel,Rya Industriväg 41,439 62,Frillesås,SE
Nordic Wellness,Nordic Wellness Frölunda Altplatsen,Gitarrgatan 2,421 41,Västra Frölunda,SE
Nordic Wellness,Nordic Wellness Frölunda Kontrabasgatan,Kontrabasgatan 9,421 50,Västra Frölunda,SE
Nordic Wellness,Nordic Wellness Frölunda Torg,Frölunda Torg,421 44,Västra Frölunda,SE
Nordic Wellness,Nordic Wellness Gotland Visby Galleria,Österväg 9,621 45,Visby,SE
Nordic Wellness,Nordic Wellness Gråbo Centrum,Mjörnbotorget,443 42,Gråbo,SE
Nordic Wellness,Nordic Wellness Gävle Brynäs,Atlasgatan 40-42,,Gävle,SE
Nordic Wellness,Nordic Wellness Gävle City,Nygatan 41,,Gävle,SE
Nordic Wellness,Nordic Wellness Gävle Gallerian Nian,Drottninggatan 9,803 20,Gävle,SE
Nordic Wellness,Nordic Wellness Gävle Valbo,Valbovägen 318B,818 32,Valbo,SE
Nordic Wellness,Nordic Wellness Göteborg Almedal,Falkenbergsgatan 3,412 85,Göteborg,SE
Nordic Wellness,Nordic Wellness Göteborg Backaplan,Gustaf Dalénsgatan 13,417 05,Göteborg,SE
Nordic Wellness,Nordic Wellness Göteborg Centralen,Odinsgatan 6,411 03,Göteborg,SE
Nordic Wellness,Nordic Wellness Göteborg Chalmersgatan,Chalmersgatan 24,411 35,Göteborg,SE
Nordic Wellness,Nordic Wellness Göteborg Chapmans Torg,Karl Johansgatan 53,414 55,Göteborg,SE
Nordic Wellness,Nordic Wellness Göteborg City,Drottninggatan 56,411 07,Göteborg,SE
Nordic Wellness,Nordic Wellness Göteborg Domkyrkan,Drottninggatan 16,411 14,Göteborg,SE
Nordic Wellness,Nordic Wellness Göteborg Eriksberg,Östra Eriksbergsgatan 46,417 63,Göteborg,SE
Nordic Wellness,Nordic Wellness Göteborg Fjällgatan,Fjällgatan 38,413 17,Göteborg,SE
Nordic Wellness,Nordic Wellness Göteborg Gamlestaden,Johan Gertssons Gata 8,415 12,Göteborg,SE
Nordic Wellness,Nordic Wellness Göteborg Guldheden,Doktor Fries Torg 15,413 23,Göteborg,SE
Nordic Wellness,Nordic Wellness Göteborg Gårda Torg,Gårdatorget 2,412 50,Göteborg,SE
Nordic Wellness,Nordic Wellness Göteborg Högsbo,Axel Dahlströms Torg 3,418 80,Göteborg,SE
Nordic Wellness,Nordic Wellness Göteborg Högsbo Padel,August Barks Gata 2,421 32,Västra Frölunda,SE
Nordic Wellness,Nordic Wellness Göteborg Järntorget,Folkets hus Olof Palmes Plats 1,413 04,Göteborg,SE
Nordic Wellness,Nordic Wellness Göteborg Kallebäck,Långfilsgatan 1,412 77,Göteborg,SE
Nordic Wellness,Nordic Wellness Göteborg Karl Johansgatan,Karl Johansgatan 94,415 55,Göteborg,SE
Nordic Wellness,Nordic Wellness Göteborg Kviberg,Krutvägen 2,415 28,Göteborg,SE
Nordic Wellness,Nordic Wellness Göteborg Lilla Bommen,Lilla Bommen 5,411 04,Göteborg,SE
Nordic Wellness,Nordic Wellness Göteborg Lindholmen,Lindholmsallén 20,417 55,Göteborg,SE
Nordic Wellness,Nordic Wellness Göteborg Linnégatan,Linnégatan 61,413 08,Göteborg,SE
Nordic Wellness,Nordic Wellness Göteborg Lundby,Rödlönnsgången 44,417 11,Göteborg,SE
Nordic Wellness,Nordic Wellness Göteborg Lunden,Sankt Pauligatan 9,416 60,Göteborg,SE
Nordic Wellness,Nordic Wellness Göteborg Majorna,Såggatan 8,414 58,Göteborg,SE
Nordic Wellness,Nordic Wellness Göteborg Marklandsgatan,Marklandsgatan 3,414 77,Göteborg,SE
Nordic Wellness,Nordic Wellness Göteborg Olskroken,Redbergsvägen 2,416 65,Göteborg,SE
Nordic Wellness,Nordic Wellness Göteborg Stigs Center,Importgatan 7,422 46,Hisings Backa,SE
Nordic Wellness,Nordic Wellness Göteborg Tuve Torg,Tuve Torg 8,417 45,Göteborg,SE
Nordic Wellness,Nordic Wellness Göteborg Ullevi,Parkgatan 65,411 38,Göteborg,SE
Nordic Wellness,Nordic Wellness Göteborg Valhalla,Valhallagatan 3,412 51,Göteborg,SE
Nordic Wellness,Nordic Wellness Göteborg Vasagatan,Vasagatan 7,411 24,Göteborg,SE
Nordic Wellness,Nordic Wellness Göteborg Vårväderstorget,Vårväderstorget 1,418 31,Göteborg,SE
Nordic Wellness,Nordic Wellness Göteborg Örgryte,Töpelsgatan 7,416 55,Göteborg,SE
Nordic Wellness,Nordic Wellness Habo Jönköpingsvägen,Jönköpingsvägen 12,566 31,Habo,SE
Nordic Wellness,Nordic Wellness Hallstahammar Parkgatan,Parkgatan 8,734 35,Hallstahammar,SE
Nordic Wellness,Nordic Wellness Halmstad City,Storgatan 28-30,302 43,Halmstad,SE
Nordic Wellness,Nordic Wellness Halmstad Flygstaden,Kundvägen 6,302 41,Halmstad,SE
Nordic Wellness,Nordic Wellness Halmstad Hallarna,Prästvägen 1,302 63,Halmstad,SE
Nordic Wellness,Nordic Wellness Halmstad Kyrkogatan,Kyrkogatan 6,302 42,Halmstad,SE
Nordic Wellness,Nordic Wellness Halmstad Kärleken,Sperlingsholmsvägen 35,302 31,Halmstad,SE
Nordic Wellness,Nordic Wellness Halmstad Nässjögatan,Nässjögatan 6,302 47,Halmstad,SE
Nordic Wellness,Nordic Wellness Halmstad Reformer Studio by Nordic Wellness,Köpmansgatan 10,302 42,Halmstad,SE
Nordic Wellness,Nordic Wellness Halmstad Sannarp,Frennarpsvägen 8a,302 44,Halmstad,SE
Nordic Wellness,Nordic Wellness Halmstad Öster,Järnvägsgatan 4A,302 49,Halmstad,SE
Nordic Wellness,Nordic Wellness Haninge Handenterminalen,Handenterminalen 4,136 40,Handen,SE
Nordic Wellness,Nordic Wellness Haninge Najaden,Handens stationsväg 27,136 40,Handen,SE
Nordic Wellness,Nordic Wellness Haninge Port 73,Nynäsvägen 21 Plan 2v,136 47,Haninge,SE
Nordic Wellness,Nordic Wellness Hedemora Centrum,Stationsgatan 2,776 35,Hedemora,SE
Nordic Wellness,Nordic Wellness Helsingborg Berga,Lilla Garnisonsgatan 37,254 67,Helsingborg,SE
Nordic Wellness,Nordic Wellness Helsingborg Mariastaden,Grepgatan 10,254 48,Helsingborg,SE
Nordic Wellness,Nordic Wellness Helsingborg Ramlösa,Hortensiagatan 8,256 68,Helsingborg,SE
Nordic Wellness,Nordic Wellness Helsingborg Rännarbanan,Landskronavägen 5,252 32,Helsingborg,SE
Nordic Wellness,Nordic Wellness Helsingborg Söder,Södergatan 32,252 25,Helsingborg,SE
Nordic Wellness,Nordic Wellness Helsingborg Väla,Ekslingan 3B,254 69,Helsingborg,SE
Nordic Wellness,Nordic Wellness Herrljunga Centrum,Storgatan 24,524 30,Herrljunga,SE
Nordic Wellness,Nordic Wellness Huddinge Centrum,Fullersta Torget 2,141 35,Huddinge,SE
Nordic Wellness,Nordic Wellness Huddinge Novavägen,Novavägen 2-4,141 44,Huddinge,SE
Nordic Wellness,Nordic Wellness Hultsfred Padel/Gym Arena,Handelsvägen 3B,577 39,Hultsfred,SE
Nordic Wellness,Nordic Wellness Huskvarna Kungsgatan,Kungsgatan 35,561 31,Huskvarna,SE
Nordic Wellness,Nordic Wellness Hägersten Fruängen,Elsa Brändströms gata 201,129 52,Hägersten,SE
Nordic Wellness,Nordic Wellness Härnösand Grafgallerian,Köpmangatan 4B,871 30,Härnösand,SE
Nordic Wellness,Nordic Wellness Härnösand Gånsviksvägen,Gånsviksvägen 4,871 60,Härnösand,SE
Nordic Wellness,Nordic Wellness Hässleholm City,Första Avenyen 5-7,281 31,Hässleholm,SE
Nordic Wellness,Nordic Wellness Hässleholm Läreda Padel,Norra Kringelvägen 42 A,281 41,Hässleholm,SE
Nordic Wellness,Nordic Wellness Höganäs Sporthallsvägen,Sporthallsvägen 4C,263 34,Höganäs,SE
Nordic Wellness,Nordic Wellness Hönö,Tärnvägen 17,475 40,Hönö,SE
Nordic Wellness,Nordic Wellness Jakobsbergs Centrum,Tornérplatsen 10-12,177 30,Järfälla,SE
Nordic Wellness,Nordic Wellness Jönköping Atlantis,Barnarpsgatan 12,553 16,Jönköping,SE
Nordic Wellness,Nordic Wellness Jönköping Campus,Barnarpsgatan 39C,553 33,Jönköping,SE
Nordic Wellness,Nordic Wellness Jönköping City,Östra Storgatan 34,553 21,Jönköping,SE
Nordic Wellness,Nordic Wellness Jönköping Kungsängen,Tellusgatan 3,554 62,Jönköping,SE
Nordic Wellness,Nordic Wellness Jönköping Racketcentrum,Mässvägen 6 Racketcentrum Jönköping,554 54,Jönköping,SE
Nordic Wellness,Nordic Wellness Jönköping Solåsen,Solåsvägen 4,553 03,Jönköping,SE
Nordic Wellness,Nordic Wellness Jönköping Strandängen,Ebba Ramsays väg 92,555 94,Jönköping,SE
Nordic Wellness,Nordic Wellness Kalmar Baronen,Skeppsbrogatan 12,392 31,Kalmar,SE
Nordic Wellness,Nordic Wellness Kalmar Berga Centrum,Rimsmedsvägen 23,393 52,Kalmar,SE
Nordic Wellness,Nordic Wellness Kalmar Borgavägen,Borgavägen 5,393 51,Kalmar,SE
Nordic Wellness,Nordic Wellness Kalmar Giraffen,Polhemsgatan 5B,392 39,Kalmar,SE
Nordic Wellness,Nordic Wellness Karlskoga Häsängsvägen,Häsängsvägen 26,691 42,Karlskoga,SE
Nordic Wellness,Nordic Wellness Karlskrona Loket,Blekingegatan 11,371 34,Karlskrona,SE
Nordic Wellness,Nordic Wellness Karlstad Bergvik,Frykmans väg 1,653 46,Karlstad,SE
Nordic Wellness,Nordic Wellness Karlstad Campus,Universitetsgatan 2,656 37,Karlstad,SE
Nordic Wellness,Nordic Wellness Karlstad City,Drottninggatan 28,652 25,Karlstad,SE
Nordic Wellness,Nordic Wellness Karlstad Hammarö,Björkhagsgatan 5,663 30,Karlstad,SE
Nordic Wellness,Nordic Wellness Karlstad Hamnen,Tullhusgatan 1B,652 09,Karlstad,SE
Nordic Wellness,Nordic Wellness Karlstad Karolinen,Våxnäsgatan 10,653 40,Karlstad,SE
Nordic Wellness,Nordic Wellness Karlstad Strand,Våxnäsgatan 148,653 43,Karlstad,SE
Nordic Wellness,Nordic Wellness Kista Galleria,Hanstavägen 55 F,164 53,Kista,SE
Nordic Wellness,Nordic Wellness Klippan Centrum,Järnvägsgatan 31,264 33,Klippan,SE
Nordic Wellness,Nordic Wellness Kortedala Torg,Kortedala Torg,415 35,Göteborg,SE
Nordic Wellness,Nordic Wellness Kramfors Gränsgatan,Gränsgatan 9,872 30,Kramfors,SE
Nordic Wellness,Nordic Wellness Lidingö AGA,Ackumulatorvägen 2,181 55,Lidingö,SE
Nordic Wellness,Nordic Wellness Liljeholmen,Årstaängsvägen 33B,117 43,Stockholm,SE
Nordic Wellness,Nordic Wellness Livli Kungens Kurva,Modulvägen 6,141 75,Kungens Kurva,SE
Nordic Wellness,Nordic Wellness Lidingö Käppala,Jupitervägen 30,181 63,Lidingö,SE
Nordic Wellness,Nordic Wellness Lidingö Larsberg,Larsbergstorget 7,181 39,Lidingö,SE
Nordic Wellness,Nordic Wellness Lidingö Näset,Källängstorget 4,181 44,Lidingö,SE
Nordic Wellness,Nordic Wellness Lidingö Torsvik,Stockholmsvägen 33,181 33,Lidingö,SE
Nordic Wellness,Nordic Wellness Märsta Centrum,Nymärsta torg 2,195 30,Märsta,SE
Nordic Wellness,Nordic Wellness Nacka Gamla Landsvägen,Gamla Landsvägen 10,131 47,Nacka,SE
Nordic Wellness,Nordic Wellness Orminge Centrum,Nygägre,132 30,Saltsjö-boo,SE
Nordic Wellness,Nordic Wellness Rosersberg Padel,Göran Hammarsjös väg 8F,195 72,Rosersberg,SE
Nordic Wellness,Nordic Wellness Rotebro Handelsplats,Konsumentvägen 1,192 68,Sollentuna,SE
Nordic Wellness,Nordic Wellness Skärholmen Centrum,Bredholmsgatan 5,127 48,Skärholmen,SE
Nordic Wellness,Nordic Wellness Sköndal Sandåkra,Sköndalsvägen 5,128 69,Stockholm,SE
Nordic Wellness,Nordic Wellness Solna Business Park,Svetsarvägen 9B,171 41,Solna,SE
Nordic Wellness,Nordic Wellness Solna Strand,Torggatan 8,171 54,Solna,SE
Nordic Wellness,Nordic Wellness Solna Frösunda Port,Gustav III:s Boulevard 36,169 73,Solna,SE
Nordic Wellness,Nordic Wellness Solna Ulriksdal,Kolonnvägen 55,170 67,Solna,SE
Nordic Wellness,Nordic Wellness Solna Ulriksdal Station,Bagartorpsringen 51,170 65,Solna,SE
Nordic Wellness,Nordic Wellness Stockholm Alvik Strand,Gustavslundsvägen 143,167 51,Bromma,SE
Nordic Wellness,Nordic Wellness Stockholm Arninge,Saluvägen 1,187 66,Täby,SE
Nordic Wellness,Nordic Wellness Stockholm Drottninggatan,Drottninggatan 24,111 51,Stockholm,SE
Nordic Wellness,Nordic Wellness Stockholm Döbelnsgatan,Stockholm Döbelnsgatan,113 52,Stockholm,SE
Nordic Wellness,Nordic Wellness Stockholm Fridhemsplan,Sankt Eriksgatan 50,112 34,Stockholm,SE
Nordic Wellness,Nordic Wellness Stockholm Gubbängen,Elin Falks gata 5-7,122 46,Enskede,SE
Nordic Wellness,Nordic Wellness Stockholm Gästrikegatan,Gästrikegatan 10,113 62,Stockholm,SE
Nordic Wellness,Nordic Wellness Stockholm Hagastaden,Norra Stationsgatan 72,113 66,Stockholm,SE
Nordic Wellness,Nordic Wellness Stockholm Hammarby Sjöstad,Lugnets Allé 1,120 65,Stockholm,SE
Nordic Wellness,Nordic Wellness Stockholm Hornsgatan,Hornsgatan 67,118 49,Stockholm,SE
Nordic Wellness,Nordic Wellness Stockholm Hornstull,Långholmsgatan 9,117 33,Stockholm,SE
Nordic Wellness,Nordic Wellness Sollentuna Häggvik,Norra Malmvägen 143,191 65,Sollentuna,SE
Nordic Wellness,Nordic Wellness Stockholm Högbergsgatan,Högbergsgatan 48C,118 26,Stockholm,SE
Nordic Wellness,Nordic Wellness Stockholm Karlavägen,Karlavägen 100,115 26,Stockholm,SE
Nordic Wellness,Nordic Wellness Stockholm KTH-hallen,Brinellvägen 38,114 28,Stockholm,SE
Nordic Wellness,Nordic Wellness Stockholm Kungsängen Torg,Kyrkvägen 4,196 30,Kungsängen,SE
Nordic Wellness,Nordic Wellness Stockholm Lindhagen,Lindhagensgatan 118,112 51,Stockholm,SE
Nordic Wellness,Nordic Wellness Stockholm Odenplan,Västmannagatan 44a,113 25,Stockholm,SE
Nordic Wellness,Nordic Wellness Stockholm Tegnérgatan,Tegnérgatan 21,111 40,Stockholm,SE
Nordic Wellness,Nordic Wellness Sundbyberg Park,Odlingsgatan 7,174 53,Sundbyberg,SE
Nordic Wellness,Nordic Wellness Sundbyberg Centrum,Sturegatan 9,172 31,Sundbyberg,SE
Nordic Wellness,Nordic Wellness Sundbybergs Torg,Sturegatan 20,172 68,Sundbyberg,SE
Nordic Wellness,Nordic Wellness Tyresö Centrum,Dalgränd 4,135 40,Tyresö,SE
Nordic Wellness,Nordic Wellness Tyresö Älta,Örkroken 25,138 40,Älta,SE
Nordic Wellness,Nordic Wellness Täby Pentavägen,Pentavägen 1,187 30,Täby,SE
Nordic Wellness,Nordic Wellness Upplands-Bro Skällsta,Klövtorpsvägen 1,197 40,Bro,SE
Nordic Wellness,Nordic Wellness Vallentuna Lindövägen,Lindövägen 8,186 30,Vallentuna,SE
Nordic Wellness,Nordic Wellness Vällingby Park,Funäsgatan 4,162 54,Vällingby,SE
Nordic Wellness,Nordic Wellness Vällingby Råcksta,Östersundsgatan 7,162 74,Vällingby,SE
Nordic Wellness,Nordic Wellness Vällingby Centrum,Ångermannagatan 151,162 65,Vällingby,SE
Nordic Wellness,Nordic Wellness Värmdö Centrum,Orions väg 4,134 44,Gustavsberg,SE
Nordic Wellness,Nordic Wellness Värmdö Gustavsbergs hamn,Tyra Lundgrens väg 21,134 40,Värmdö,SE
Nordic Wellness,Nordic Wellness Värmdö Marknad,Gustavsbergsvägen 24,134 39,Gustavsberg,SE
Nordic Wellness,Nordic Wellness Väsby Centrum,Drabantvägen 4,194 33,Upplands Väsby,SE
Nordic Wellness,Nordic Wellness Åkersberga Centrum,Stationsgränd 8,184 50,Åkersberga,SE
Nordic Wellness,Nordic Wellness Älvsjöstaden,Älvsjövägen 18,125 45,Älvsjö,SE
Nordic Wellness,Nordic Wellness Årsta Svärdlångsvägen,Svärdlångsvägen 44,120 60,Årsta,SE
Nordic Wellness,Nordic Wellness Älta Torg,Ältavägen 222,131 33,Älta,SE
Nordic Wellness,Nordic Wellness Åkersberga Rallarvägen,Rallarvägen 8,184 40,Åkersberga,SE
Nordic Wellness,Nordic Wellness Krokslätts Fabriker,Bergskroken 3,431 37,Mölndal,SE
Nordic Wellness,Nordic Wellness Kållered Ekenleden,Ekenleden 13 A,428 36,Kållered,SE
Nordic Wellness,Nordic Wellness Landvetter Centrum,Skansgränd 4,438 32,Landvetter,SE
Nordic Wellness,Nordic Wellness Lerum Göteborgsvägen,Göteborgsvägen 3,443 30,Lerum,SE
Nordic Wellness,Nordic Wellness Lilla Edet Centrum,Göteborgsvägen 63,463 31,Lilla Edet,SE
Nordic Wellness,Nordic Wellness Lindome Centrum,Almåsgången 1,437 30,Lindome,SE
Nordic Wellness,Nordic Wellness Mölndal Galleria,Brogatan 17,431 31,Mölndal,SE
Nordic Wellness,Nordic Wellness Mölndal Pedagogen Park,Kunskapsgatan 17A,431 44,Mölndal,SE
Nordic Wellness,Nordic Wellness Mölnlycke Wendelstrand,Lakegatan 11,435 33,Mölnlycke,SE
Nordic Wellness,Nordic Wellness Partille Mellbyvägen,Mellbyvägen 21-23,433 30,Partille,SE
Nordic Wellness,Nordic Wellness Selma Lagerlöf,Backadalen 17,422 55,Hisings Backa,SE
Nordic Wellness,Nordic Wellness Sisjön 421,Otto Elanders Gata 6,421 32,Västra Frölunda,SE
Nordic Wellness,Nordic Wellness Sisjön Datavägen,Datavägen 4,436 32,Askim,SE
Nordic Wellness,Nordic Wellness Sävedalen Glashuset,Göteborgsvägen 88,433 63,Sävedalen,SE
Nordic Wellness,Nordic Wellness Södra Änggården,Ebba Ljunggrens gata 8,421 80,Västra Frölunda,SE
Nordic Wellness,Nordic Wellness Torslanda Amhult,Gamla flygplatsvägen 26,423 37,Torslanda,SE
Nordic Wellness,Nordic Wellness Torslanda Torg,Torslanda Torg 1,423 32,Torslanda,SE
Nordic Wellness,Nordic Wellness Malmö Central,Utställningsgatan 2,211 20,Malmö,SE
Nordic Wellness,Nordic Wellness Malmö Baltzarsgatan,Baltzarsgatan 6,211 36,Malmö,SE
Nordic Wellness,Nordic Wellness Malmö Emporia,Hyllie Stationsväg 26B,215 32,Malmö,SE
Nordic Wellness,Nordic Wellness Malmö Fair Play Stadion,Trollenäsgatan 2,217 73,Malmö,SE
Nordic Wellness,Nordic Wellness Malmö Folkets Park,Spångatan 37 C,211 53,Malmö,SE
Nordic Wellness,Nordic Wellness Malmö Hyllie Lindeborg,Axel Danielssonsv. 261,215 82,Malmö,SE
Nordic Wellness,Nordic Wellness Malmö Kronborg,Kronborgsvägen 5,217 42,Malmö,SE
Nordic Wellness,Nordic Wellness Malmö Limhamn,Linnégatan 42,216 14,Limhamn,SE
Nordic Wellness,Nordic Wellness Malmö Nobel,Celsiusgatan 27 B,212 52,Malmö,SE
Nordic Wellness,Nordic Wellness Malmö Rörsjöstaden,Drottninggatan 10c,211 49,Malmö,SE
Nordic Wellness,Nordic Wellness Malmö Svågertorp,Drakagatan 10,215 86,Malmö,SE
Nordic Wellness,Nordic Wellness Malmö Toftanäs,Topplocksgatan 10,212 41,Malmö,SE
Nordic Wellness,Nordic Wellness Malmö Värnhemstorget,Föreningsgatan 72,212 14,Malmö,SE
Nordic Wellness,Nordic Wellness Malmö Västra Hamnen,Riggaregatan 37,211 13,Malmö,SE
Nordic Wellness,Nordic Wellness Malmö Jägersro,Jägersrovägen 151,213 75,Malmö,SE
Nordic Wellness,Nordic Wellness Malmö Skeppsgatan,Skeppsgatan 5,211 11,Malmö,SE
Fitness24Seven,Fitness24Seven Stockholm Sveavägen,Sveavägen 13-15,111 57,Stockholm,SE
Fitness24Seven,Fitness24Seven Stockholm St Göransgatan,St Göransgatan 53,112 38,Stockholm,SE
Fitness24Seven,Fitness24Seven Stockholm Gävlegatan,Gävlegatan 16,113 30,Stockholm,SE
Fitness24Seven,Fitness24Seven Stockholm Blekingegatan,Blekingegatan 63,116 62,Stockholm,SE
Fitness24Seven,Fitness24Seven Stockholm Sergelarkaden,Sergelarkaden 12-14,111 57,Stockholm,SE
Fitness24Seven,Fitness24Seven Stockholm Hornsgatan,Hornsgatan 82,118 21,Stockholm,SE
Fitness24Seven,Fitness24Seven Stockholm Fleminggatan,Fleminggatan 18,112 26,Stockholm,SE
Fitness24Seven,Fitness24Seven Stockholm Lidingövägen,Lidingövägen 1,115 21,Stockholm,SE
Fitness24Seven,Fitness24Seven Stockholm Hammarby Sjöstad,Sökvägen 27,120 62,Stockholm,SE
Fitness24Seven,Fitness24Seven Stockholm Skärholmen,Skärholmen Centrum,127 48,Skärholmen,SE
Fitness24Seven,Fitness24Seven Solna,Kruthusbacken 70,169 52,Solna,SE
Fitness24Seven,Fitness24Seven Sundbyberg,Sturegatan 2,172 31,Sundbyberg,SE
Fitness24Seven,Fitness24Seven Sollentuna,Tureholmsvägen 6,191 47,Sollentuna,SE
Fitness24Seven,Fitness24Seven Täby,Stora Marknadsvägen 15,183 34,Täby,SE
Fitness24Seven,Fitness24Seven Nacka,Värmdövägen 93,131 37,Nacka,SE
Fitness24Seven,Fitness24Seven Göteborg Nordstan,Kanaltorgsgatan 2,411 05,Göteborg,SE
Fitness24Seven,Fitness24Seven Göteborg Hisingen,Exportgatan 49A,422 46,Hisings Backa,SE
Fitness24Seven,Fitness24Seven Göteborg Mölndal,Mölndalsvägen 22,431 37,Mölndal,SE
Fitness24Seven,Fitness24Seven Göteborg Frölunda,Frölundagatan 40,421 44,Västra Frölunda,SE
Fitness24Seven,Fitness24Seven Göteborg Kungsbacka,Varlabergsvägen 24,434 37,Kungsbacka,SE
Fitness24Seven,Fitness24Seven Göteborg Partille,Säterögatan 5,433 38,Partille,SE
Fitness24Seven,Fitness24Seven Malmö Triangeln,Södra Förstadsgatan 40,211 43,Malmö,SE
Fitness24Seven,Fitness24Seven Malmö Hyllie,Vattenverksvägen 10,215 32,Malmö,SE
Fitness24Seven,Fitness24Seven Malmö Husie,Industrigatan 1,214 54,Malmö,SE
Fitness24Seven,Fitness24Seven Helsingborg,Gasverksgatan 2,252 25,Helsingborg,SE
Fitness24Seven,Fitness24Seven Lund,Lund Klostergatan 8,222 22,Lund,SE
Fitness24Seven,Fitness24Seven Kristianstad,Tivolivägen 7,291 39,Kristianstad,SE
Fitness24Seven,Fitness24Seven Uppsala Torggatan,Torggatan 5,753 31,Uppsala,SE
Fitness24Seven,Fitness24Seven Uppsala Fålhagen,Tiundagatan 18,753 29,Uppsala,SE
Fitness24Seven,Fitness24Seven Västerås,Kopparbergsvägen 8,722 13,Västerås,SE
Fitness24Seven,Fitness24Seven Örebro,Fabriksgatan 4,702 29,Örebro,SE
Fitness24Seven,Fitness24Seven Linköping,Ågatan 3,582 22,Linköping,SE
Fitness24Seven,Fitness24Seven Norrköping,Drottninggatan 16,602 24,Norrköping,SE
Fitness24Seven,Fitness24Seven Jönköping,Barnarpsgatan 36,553 16,Jönköping,SE
Fitness24Seven,Fitness24Seven Karlstad,Karolinen Köpmansgatan 1,652 25,Karlstad,SE
Fitness24Seven,Fitness24Seven Umeå,Kungsgatan 38,903 25,Umeå,SE
Fitness24Seven,Fitness24Seven Sundsvall,Storgatan 14,852 30,Sundsvall,SE
Fitness24Seven,Fitness24Seven Gävle,Nygatan 47,803 20,Gävle,SE
Fitness24Seven,Fitness24Seven Borås,Allégatan 22,503 36,Borås,SE
Fitness24Seven,Fitness24Seven Eskilstuna,Rademachergatan 5,632 20,Eskilstuna,SE
SATS,SATS Stockholm Odenplan,Odengatan 36,113 51,Stockholm,SE
SATS,SATS Stockholm Vasastan,Norrtullsgatan 14,113 27,Stockholm,SE
SATS,SATS Stockholm Kungsholmen,Hantverkargatan 78,112 38,Stockholm,SE
SATS,SATS Stockholm City,Kungsgatan 4,111 43,Stockholm,SE
SATS,SATS Stockholm Södermalm,Ringvägen 15,118 60,Stockholm,SE
SATS,SATS Stockholm Liljeholmen,Liljeholmstorget 5,117 63,Stockholm,SE
SATS,SATS Stockholm Nacka Forum,Forum Nacka,131 54,Nacka,SE
SATS,SATS Stockholm Barkarby,Backhamnsgatan 2,177 41,Järfälla,SE
SATS,SATS Stockholm Globen,Arenaslingan 7,121 26,Johanneshov,SE
SATS,SATS Stockholm Jakobsberg,Jakobsbergs Centrum 1,177 30,Järfälla,SE
SATS,SATS Stockholm Sickla,Sickla Köpkvarter,131 34,Nacka,SE
SATS,SATS Stockholm Täby,Täby Centrum,183 70,Täby,SE
SATS,SATS Stockholm Solna,Evenemangsgatan 31,169 56,Solna,SE
SATS,SATS Göteborg Avenyn,Kungsportsavenyen 41,411 36,Göteborg,SE
SATS,SATS Göteborg Backaplan,Backavägen 2,417 05,Göteborg,SE
SATS,SATS Göteborg Frölunda Torg,Frölunda Torg,421 42,Västra Frölunda,SE
SATS,SATS Göteborg Kviberg,Arena Kviberg,415 01,Göteborg,SE
SATS,SATS Göteborg Mölndal,Göteborgsvägen 105,431 30,Mölndal,SE
SATS,SATS Malmö Emporia,Hyllie Stationsväg 23,215 32,Malmö,SE
SATS,SATS Malmö Triangeln,Triangeln Köpcentrum,211 43,Malmö,SE
SATS,SATS Uppsala,Kungsgatan 69,753 18,Uppsala,SE
SATS,SATS Västerås,Vasagatan 36,722 15,Västerås,SE
SATS,SATS Örebro,Köpmangatan 4,703 61,Örebro,SE
SATS,SATS Linköping,Storgatan 44,582 23,Linköping,SE
Actic,Actic Stockholm City,Drottninggatan 65,111 21,Stockholm,SE
Actic,Actic Stockholm Södermalm,Götgatan 40,118 26,Stockholm,SE
Actic,Actic Stockholm Kungsholmen,Fleminggatan 22,112 26,Stockholm,SE
Actic,Actic Stockholm Östermalm,Karlavägen 26,114 31,Stockholm,SE
Actic,Actic Stockholm Vällingby,Vällingby Centrum,162 68,Vällingby,SE
Actic,Actic Stockholm Farsta,Farstaplan 3,123 37,Farsta,SE
Actic,Actic Solna,Solna Strandväg 78,171 54,Solna,SE
Actic,Actic Sundbyberg,Landsvägen 40,172 32,Sundbyberg,SE
Actic,Actic Uppsala Fyrislund,Sickelvägen 4,754 50,Uppsala,SE
Actic,Actic Uppsala City,Dragarbrunnsgatan 46,753 20,Uppsala,SE
Actic,Actic Västerås,Pilgrimsgatan 24,722 37,Västerås,SE
Actic,Actic Örebro,Vasagatan 44,702 24,Örebro,SE
Actic,Actic Linköping,Hamngatan 2,582 16,Linköping,SE
Actic,Actic Göteborg Landvetter,Landvettervägen 2,438 91,Landvetter,SE
Actic,Actic Göteborg Biskopsgården,Vågmästaregatan 12,418 34,Göteborg,SE
Actic,Actic Göteborg Torslanda,Amhultsgatan 10,423 37,Torslanda,SE
Actic,Actic Malmö Husie,Husie Kyrkoväg 35,212 39,Malmö,SE
Actic,Actic Malmö Västra Hamnen,Neptunigatan 3,211 20,Malmö,SE
Actic,Actic Helsingborg,Kullagatan 14,252 20,Helsingborg,SE
Actic,Actic Lund,Sölvegatan 22,223 62,Lund,SE
Actic,Actic Norrköping,Repslagaregatan 10,602 24,Norrköping,SE
Actic,Actic Jönköping,Barnarpsgatan 21,553 15,Jönköping,SE
Actic,Actic Gävle,Norra Kopparslagargatan 9,802 26,Gävle,SE
Actic,Actic Sundsvall,Köpmangatan 19,852 31,Sundsvall,SE
Actic,Actic Umeå,Storgatan 40,903 26,Umeå,SE
Actic,Actic Karlstad,Drottninggatan 24,652 25,Karlstad,SE
Actic,Actic Borås,Skaraborgsvägen 1,503 38,Borås,SE
Actic,Actic Eskilstuna,Drottninggatan 12,632 20,Eskilstuna,SE
Friskis & Svettis,Friskis & Svettis Stockholm Fridhemsplan,Hantverkargatan 75,112 21,Stockholm,SE
Friskis & Svettis,Friskis & Svettis Stockholm Hornsberg,Industrivägen 18,112 68,Stockholm,SE
Friskis & Svettis,Friskis & Svettis Stockholm Älvsjö,Svarvarvägen 10,125 30,Älvsjö,SE
Friskis & Svettis,Friskis & Svettis Stockholm Odenplan,Surbrunnsgatan 9,113 48,Stockholm,SE
Friskis & Svettis,Friskis & Svettis Stockholm Hammarby,Lugnets allé 73,120 65,Stockholm,SE
Friskis & Svettis,Friskis & Svettis Göteborg Järntorget,Stampgatan 50,411 01,Göteborg,SE
Friskis & Svettis,Friskis & Svettis Göteborg Kungsbacka,Varlabergsvägen 20,434 37,Kungsbacka,SE
Friskis & Svettis,Friskis & Svettis Malmö Möllevången,Södra Skolgatan 10,214 22,Malmö,SE
Friskis & Svettis,Friskis & Svettis Uppsala,Stationsgatan 10,753 40,Uppsala,SE
Friskis & Svettis,Friskis & Svettis Linköping,Drottninggatan 46,582 27,Linköping,SE
Friskis & Svettis,Friskis & Svettis Örebro,Fabriksgatan 12,702 29,Örebro,SE
Friskis & Svettis,Friskis & Svettis Västerås,Kopparbergsvägen 6,722 13,Västerås,SE
Friskis & Svettis,Friskis & Svettis Sundsvall,Storgatan 22,852 30,Sundsvall,SE
Friskis & Svettis,Friskis & Svettis Umeå,Tvistevägen 47,906 20,Umeå,SE
Friskis & Svettis,Friskis & Svettis Gävle,Staketgatan 8,803 13,Gävle,SE
Friskis & Svettis,Friskis & Svettis Karlstad,Biblioteksgatan 7,652 24,Karlstad,SE
Friskis & Svettis,Friskis & Svettis Borås,Lilla Brogatan 7,503 35,Borås,SE
Friskis & Svettis,Friskis & Svettis Eskilstuna,Köpmangatan 6,632 20,Eskilstuna,SE
Friskis & Svettis,Friskis & Svettis Helsingborg,Järnvägsgatan 25,252 24,Helsingborg,SE
Friskis & Svettis,Friskis & Svettis Norrköping,Hospitalsgatan 4,602 21,Norrköping,SE
Friskis & Svettis,Friskis & Svettis Jönköping,Järnvägsgatan 14,553 20,Jönköping,SE
Friskis & Svettis,Friskis & Svettis Lund,Bytaregatan 12,222 22,Lund,SE
