"id","name","brand","address","postal_code","city","latitude","longitude","geocode_status","import_category","coord_source","notes"
"nl_3e4e8b4c0b","Anytime Fitness Susteren","Anytime Fitness","Marktstraat 2a","6114 HS","Susteren",51.064126,5.85235,"ok","READY_TO_IMPORT","nominatim","official_club_db_sitemap; NL only"
"nl_9a5830329e","Anytime Fitness Gulpen","Anytime Fitness","Nieuwstraat 8-10","6271 AZ","Gulpen",50.816681,5.894467,"ok","READY_TO_IMPORT","nominatim","official_club_db_sitemap; NL only"
"nl_a27e6c70ee","Anytime Fitness Landgraaf","Anytime Fitness","Streeperstraat 74","6371 GN","Landgraaf",50.899164,6.016825,"ok","READY_TO_IMPORT","nominatim","official_club_db_sitemap; NL only"
"nl_7c0ca7f8c2","Anytime Fitness Maasbracht","Anytime Fitness","Havenzicht 2","6051 EC","Maasbracht",51.144636,5.884445,"ok","READY_TO_IMPORT","nominatim","official_club_db_sitemap; NL only"
"nl_5093997a40","Anytime Fitness Sevenum","Anytime Fitness","Raadhuisplein 8","5975 BK","Sevenum",51.411089,6.037509,"ok","READY_TO_IMPORT","nominatim","official_club_db_sitemap; NL only"
"nl_76637fe377","Anytime Fitness Goor","Anytime Fitness","Grotestraat 53","7471 BL","Goor",52.234135,6.587291,"ok","READY_TO_IMPORT","nominatim","official_club_db_sitemap; NL only"
"nl_ddb85da17d","Anytime Fitness Capelle aan den Ijssel","Anytime Fitness","Fluiterlaan 431","2903 HN","Capelle aan den Ijssel",51.931849,4.58678,"ok","READY_TO_IMPORT","nominatim","official_club_db_sitemap; NL only"
"nl_13ea2bcee1","Anytime Fitness Neede","Anytime Fitness","Oudestraat 16","7161 DW","Neede",52.131989,6.612905,"ok","READY_TO_IMPORT","nominatim","official_club_db_sitemap; NL only"
"nl_f9cf8cca1a","Anytime Fitness Emmeloord","Anytime Fitness","Lange Nering 93","8302 EZ","Emmeloord",52.711318,5.758975,"ok","READY_TO_IMPORT","nominatim","official_club_db_sitemap; NL only"
"nl_7b0cb2d8fe","Anytime Fitness Maastricht","Anytime Fitness","Raadhuisstraat 4","6226 GM","Maastricht",50.843914,5.726332,"ok","READY_TO_IMPORT","nominatim","official_club_db_sitemap; NL only"
"nl_4f7231cd27","Anytime Fitness Beek","Anytime Fitness","Wethouder Sangersstraat 4","6191 NA","Beek",50.947153,5.800827,"ok","READY_TO_IMPORT","nominatim","official_club_db_sitemap; NL only"
"nl_83f36092fe","Anytime Fitness Rotterdam (Kop van Zuid)","Anytime Fitness","Laan op Zuid 65","3072 DB","Rotterdam (Kop van Zuid)",51.906881,4.495583,"ok","READY_TO_IMPORT","nominatim","official_club_db_sitemap; NL only"
"nl_809c688e97","Anytime Fitness Simpelveld","Anytime Fitness","Markt 5","6369 AH","Simpelveld",51.986975,6.567913,"ok","READY_TO_IMPORT","nominatim","official_club_db_sitemap; NL only"
"nl_8f5781b5ae","Anytime Fitness Groesbeek","Anytime Fitness","Hoflaan 3","6561 AV","Groesbeek",51.779515,5.933406,"ok","READY_TO_IMPORT","nominatim","official_club_db_sitemap; NL only"
"nl_cd9a378812","Anytime Fitness Stein","Anytime Fitness","Raadhuisplein 24","6171 JC","Stein",50.968833,5.765118,"ok","READY_TO_IMPORT","nominatim","official_club_db_sitemap; NL only"
"nl_c3c86c7cef","Anytime Fitness Ridderkerk","Anytime Fitness","Voorn 35-40","2986 JA","Ridderkerk",51.865726,4.619934,"ok","READY_TO_IMPORT","nominatim","official_club_db_sitemap; NL only"
"nl_9a4f978c80","Anytime Fitness Nootdorp","Anytime Fitness","Markt 1","2631 ED","Nootdorp",51.863438,4.244722,"ok","READY_TO_IMPORT","nominatim","official_club_db_sitemap; NL only"
"nl_93d02ceb9a","Anytime Fitness Breda","Anytime Fitness","Dr. Struyckenplein 63","4812 TA","Breda",51.577379,4.754705,"ok","READY_TO_IMPORT","nominatim","official_club_db_sitemap; NL only"
"nl_46f4dbd979","Anytime Fitness Elsloo","Anytime Fitness","Business Park Stein 106","6181 MA","Elsloo",50.949491,5.783954,"ok","READY_TO_IMPORT","nominatim","official_club_db_sitemap; NL only"
"nl_68a9845710","Anytime Fitness Weert-Centrum","Anytime Fitness","Roermondseweg 58B","6004 AT","Weert-Centrum","","","failed","NEEDS_COORDINATES","","official_club_db_sitemap; NL only"
"nl_f36259de90","Anytime Fitness Best","Anytime Fitness","Raadhuisplein 13","5683 EB","Best",51.512235,5.396761,"ok","READY_TO_IMPORT","nominatim","official_club_db_sitemap; NL only"
"nl_f78c6cfaf3","Anytime Fitness Sittard","Anytime Fitness","Stockholmstraat 10","6135 LK","Sittard",50.996234,5.846889,"ok","READY_TO_IMPORT","nominatim","official_club_db_sitemap; NL only"
"nl_8f73a40d92","Anytime Fitness Heerlen-Centrum","Anytime Fitness","Akerstraat 108","6417 BN","Heerlen-Centrum",50.882398,5.98335,"ok","READY_TO_IMPORT","nominatim","official_club_db_sitemap; NL only"
"nl_2006cc8bfb","Anytime Fitness Houten","Anytime Fitness","Onderdoor 19","3995 DW","Houten",52.034566,5.167569,"ok","READY_TO_IMPORT","nominatim","official_club_db_sitemap; NL only"
"nl_6521d5071e","Anytime Fitness Hoogerheide","Anytime Fitness","Ouwe Raedthuysplein 16","4631 VX","Hoogerheide",51.425854,4.321265,"ok","READY_TO_IMPORT","nominatim","official_club_db_sitemap; NL only"
"nl_fa565359ba","Anytime Fitness Venlo - Blerick","Anytime Fitness","Antoniuslaan 272a","5921 KM","Venlo - Blerick",51.366289,6.153877,"ok","READY_TO_IMPORT","nominatim","official_club_db_sitemap; NL only"
"nl_5f3beea2b0","Anytime Fitness Herkenbosch","Anytime Fitness","Craenberglaan 24","6075 HC","Herkenbosch",51.155608,6.065235,"ok","READY_TO_IMPORT","nominatim","official_club_db_sitemap; NL only"
"nl_ace22fbc4d","Anytime Fitness Amsterdam","Anytime Fitness","Wijenburg 90A","1082 VW","Amsterdam",52.331874,4.871878,"ok","READY_TO_IMPORT","nominatim","official_club_db_sitemap; NL only"
"nl_12fcccc0c2","Anytime Fitness Oostvoorne","Anytime Fitness","Voorweg 27","3233 SJ","Oostvoorne",51.911447,4.101185,"ok","READY_TO_IMPORT","nominatim","official_club_db_sitemap; NL only"
"nl_054f12192e","Anytime Fitness Roermond","Anytime Fitness","Willem II Singel 11","6041 HP","Roermond",51.191397,5.992243,"ok","READY_TO_IMPORT","nominatim","official_club_db_sitemap; NL only"
"nl_7f8b1c8b7a","Anytime Fitness Groenlo","Anytime Fitness","Schrijnwerker 1","7141 PR","Groenlo",52.037293,6.606178,"ok","READY_TO_IMPORT","nominatim","official_club_db_sitemap; NL only"
"nl_20906b6297","Anytime Fitness Kerkrade-Centrum","Anytime Fitness","Onze Lieve Vrouwestraat 103","6461 BP","Kerkrade-Centrum",50.867273,6.070132,"ok","READY_TO_IMPORT","nominatim","official_club_db_sitemap; NL only"
"nl_f987737d4d","Anytime Fitness Almere Buiten","Anytime Fitness","Noordeinde 46","1334 AX","Almere Buiten",52.395095,5.276694,"ok","READY_TO_IMPORT","nominatim","official_club_db_sitemap; NL only"
"nl_21bcc70d04","Anytime Fitness Vaals","Anytime Fitness","Maastrichterlaan 160a","6291 EW","Vaals",50.7734,6.015579,"ok","READY_TO_IMPORT","nominatim","official_club_db_sitemap; NL only"
"nl_159196c333","Anytime Fitness Sittard-Lahrhof","Anytime Fitness","Romeinenstraat 28","6132 GN","Sittard-Lahrhof",50.99546,5.894513,"ok","READY_TO_IMPORT","nominatim","official_club_db_sitemap; NL only"
"nl_b10b5b369e","Anytime Fitness Vaassen","Anytime Fitness","Dorpsstraat 22","8171 BP","Vaassen",52.289753,5.968492,"ok","READY_TO_IMPORT","nominatim","official_club_db_sitemap; NL only"
"nl_a299416e73","Anytime Fitness Brunssum","Anytime Fitness","Kerkstraat 42a","6441 BE","Brunssum",50.945732,5.971644,"ok","READY_TO_IMPORT","nominatim","official_club_db_sitemap; NL only"
"nl_0066da4c6c","Anytime Fitness Heythuysen","Anytime Fitness","Schoolstraat 1","6093 EH","Heythuysen",51.25039,5.895838,"ok","READY_TO_IMPORT","nominatim","official_club_db_sitemap; NL only"
"nl_9d4e967d9c","Anytime Fitness Bolsward","Anytime Fitness","De Ward 10","8701 MB","Bolsward",53.065476,5.511259,"ok","READY_TO_IMPORT","nominatim","official_club_db_sitemap; NL only"
"nl_0f20fbf83c","Anytime Fitness Eijsden","Anytime Fitness","Kerkstraat 4","6245 CB","Eijsden",50.776967,5.702521,"ok","READY_TO_IMPORT","nominatim","official_club_db_sitemap; NL only"
"nl_5380e8371f","Anytime Fitness Heerlen","Anytime Fitness","Heerlerbaan 273","6418 CE","Heerlen",50.861827,6.006717,"ok","READY_TO_IMPORT","nominatim","official_club_db_sitemap; NL only"
"nl_b4d03c560d","Anytime Fitness Panheel","Anytime Fitness","Sint Antoniusstraat 26","6097 ND","Panheel",51.171931,5.873763,"ok","READY_TO_IMPORT","nominatim","official_club_db_sitemap; NL only"
"nl_12abd71a6b","Anytime Fitness Berkel en Rodenrijs","Anytime Fitness","Westpolderstraat 1","2652 KW","Berkel en Rodenrijs",51.990986,4.455239,"ok","READY_TO_IMPORT","nominatim","official_club_db_sitemap; NL only"
"nl_ff185e42b2","Anytime Fitness Maastricht-Amby","Anytime Fitness","Ambyerstraat noord 25","6225 EA","Maastricht-Amby",50.863166,5.732243,"ok","READY_TO_IMPORT","nominatim","official_club_db_sitemap; NL only"
"nl_6cf0086595","Anytime Fitness Hoogeveen-Centrum","Anytime Fitness","Schutstraat 91","7907 CB","Hoogeveen-Centrum",52.719782,6.473613,"ok","READY_TO_IMPORT","nominatim","official_club_db_sitemap; NL only"
"nl_3b4aaafa0e","Anytime Fitness Helmond","Anytime Fitness","Hoofdstraat 95-97","5706 AK","Helmond",51.463766,5.633438,"ok","READY_TO_IMPORT","nominatim","official_club_db_sitemap; NL only"
"nl_2b50ac3b60","Anytime Fitness Zundert","Anytime Fitness","Dennenlaan 1","4881 AC","Zundert",51.471183,4.65995,"ok","READY_TO_IMPORT","nominatim","official_club_db_sitemap; NL only"
"nl_fc9b86ed55","Anytime Fitness Rotterdam-Centrum","Anytime Fitness","Burgemeester van Walsumweg 368","3011 MZ","Rotterdam-Centrum",51.921619,4.494936,"ok","READY_TO_IMPORT","nominatim","official_club_db_sitemap; NL only"
"nl_f476e8fd87","Anytime Fitness Zwijndrecht","Anytime Fitness","Laan van Walburg 2","3332 GJ","Zwijndrecht",51.82184,4.647855,"ok","READY_TO_IMPORT","nominatim","official_club_db_sitemap; NL only"
"nl_28cd6980fb","Anytime Fitness Maarheeze","Anytime Fitness","Oranje Nassaulaan 3","6026 BW","Maarheeze",51.309565,5.609813,"ok","READY_TO_IMPORT","nominatim","official_club_db_sitemap; NL only"
"nl_29797ae7c3","Anytime Fitness Delfgauw","Anytime Fitness","Rijksstraatweg 43","2645 BT","Delfgauw",51.999499,4.390103,"ok","READY_TO_IMPORT","nominatim","official_club_db_sitemap; NL only"
"nl_17dab1fb6c","Anytime Fitness Puttershoek","Anytime Fitness","Narvikstraat 1","3297 AM","Puttershoek",51.806878,4.569928,"ok","READY_TO_IMPORT","nominatim","official_club_db_sitemap; NL only"
"nl_28ecf135eb","Anytime Fitness Echt","Anytime Fitness","Peijerstraat 7","6101 GA","Echt",51.10281,5.866533,"ok","READY_TO_IMPORT","nominatim","official_club_db_sitemap; NL only"
"nl_da36481986","Anytime Fitness Deventer-Vijfhoek","Anytime Fitness","Johan Wagenaarlaan 1","7425 GB","Deventer-Vijfhoek",52.260891,6.224259,"ok","READY_TO_IMPORT","nominatim","official_club_db_sitemap; NL only"
"nl_6271a300bd","Anytime Fitness Nuenen","Anytime Fitness","Vincent van Goghplein 97","5671 DV","Nuenen",51.474448,5.552731,"ok","READY_TO_IMPORT","nominatim","official_club_db_sitemap; NL only"
"nl_ae709ba6c0","Anytime Fitness Hilvarenbeek","Anytime Fitness","Hilverstraat 105","5081 AV","Hilvarenbeek",51.483957,5.13884,"ok","READY_TO_IMPORT","nominatim","official_club_db_sitemap; NL only"
"nl_e3b57d1837","Anytime Fitness Barendrecht","Anytime Fitness","Middeldijkerplein 93-95","2993 DL","Barendrecht",51.848697,4.500997,"ok","READY_TO_IMPORT","nominatim","official_club_db_sitemap; NL only"
"nl_34a816f5c0","Anytime Fitness Assendelft","Anytime Fitness","Dorpsstraat 344","1566 BR","Assendelft",52.465094,4.739185,"ok","READY_TO_IMPORT","nominatim","official_club_db_sitemap; NL only"
"nl_6cddd0d54b","Anytime Fitness Made","Anytime Fitness","Schoolstraat 19","4921 BJ","Made",51.679585,4.792003,"ok","READY_TO_IMPORT","nominatim","official_club_db_sitemap; NL only"
"nl_621c72364c","Anytime Fitness Amsterdam","Anytime Fitness","Noordkaperweg 5","1035 HA","Amsterdam",52.421616,4.884506,"ok","READY_TO_IMPORT","nominatim","official_club_db_sitemap; NL only"
"nl_5430446525","Anytime Fitness Voerendaal","Anytime Fitness","Kerkplein 1","6367 EN","Voerendaal",50.883302,5.925598,"ok","READY_TO_IMPORT","nominatim","official_club_db_sitemap; NL only"
"nl_67a84e3275","Anytime Fitness Hollandscheveld","Anytime Fitness","Het Hoekje 40A","7913 BD","Hollandscheveld",52.70601,6.53813,"ok","READY_TO_IMPORT","nominatim","official_club_db_sitemap; NL only"
"nl_dfaf600929","Anytime Fitness Dieren","Anytime Fitness","Imboslaan 71","6951 KA","Dieren",52.060725,6.102523,"ok","READY_TO_IMPORT","nominatim","official_club_db_sitemap; NL only"
"nl_209f01d85a","Anytime Fitness Purmerend","Anytime Fitness","Nieuwstraat 32a-34","1441 CM","Purmerend",52.508125,4.946011,"suspicious","READY_TO_IMPORT","nominatim","official_club_db_sitemap; NL only; soft_postal"
"nl_283c7e26c8","Anytime Fitness Bussum","Anytime Fitness","Nieuwe Brink 5","1404 KA","Bussum",52.274532,5.163169,"ok","READY_TO_IMPORT","nominatim","official_club_db_sitemap; NL only"
"nl_ac3d24f725","Anytime Fitness Epe","Anytime Fitness","Hoofdstraat 70","8162 AL","Epe",52.348945,5.983809,"ok","READY_TO_IMPORT","nominatim","official_club_db_sitemap; NL only"
"nl_19d9ddb169","Anytime Fitness Heerhugowaard","Anytime Fitness","Middenweg 257-259","1701 GC","Heerhugowaard",52.671044,4.848021,"ok","READY_TO_IMPORT","nominatim","official_club_db_sitemap; NL only"
"nl_69d9bc5708","Anytime Fitness Nijverdal","Anytime Fitness","Grotestraat 49","7443 BB","Nijverdal",52.364985,6.464272,"ok","READY_TO_IMPORT","nominatim","official_club_db_sitemap; NL only"
"nl_fa4a3e11d5","Anytime Fitness Hellevoetsluis","Anytime Fitness","Struytse Hoeck 55e","3224 HA","Hellevoetsluis",51.831621,4.147301,"ok","READY_TO_IMPORT","nominatim","official_club_db_sitemap; NL only"
"nl_b691800861","Anytime Fitness Bavel","Anytime Fitness","Pastoor Doensstraat 8a","4854 CP","Bavel",51.565799,4.831552,"ok","READY_TO_IMPORT","nominatim","official_club_db_sitemap; NL only"
"nl_b05c3c285f","Anytime Fitness Haaren","Anytime Fitness","Driehoeven 68","5076 BJ","Haaren",51.600127,5.226623,"ok","READY_TO_IMPORT","nominatim","official_club_db_sitemap; NL only"
"nl_e77e7e473f","Anytime Fitness Roosendaal","Anytime Fitness","Van Beethovenlaan 6","4702 JS","Roosendaal",51.536341,4.468851,"ok","READY_TO_IMPORT","nominatim","official_club_db_sitemap; NL only"
"nl_a4ac7205a5","Anytime Fitness Wijk en Aalburg","Anytime Fitness","Markt 54","4261 DC","Wijk en Aalburg",51.755454,5.130077,"ok","READY_TO_IMPORT","nominatim","official_club_db_sitemap; NL only"
"nl_e85073796b","Anytime Fitness Harlingen","Anytime Fitness","Klipperstraat 2","8862 ZX","Harlingen",53.168956,5.443174,"ok","READY_TO_IMPORT","nominatim","official_club_db_sitemap; NL only"
"nl_c6819ce6f8","Anytime Fitness Ter Aar","Anytime Fitness","Westkanaalweg 100B (ingang zijde Beukenpad)","2461 EJ","Ter Aar","","","failed","NEEDS_COORDINATES","","official_club_db_sitemap; NL only"
"nl_19efad41a7","Anytime Fitness Valkenburg","Anytime Fitness","Leeuwhof 4A","6301 KZ","Valkenburg",50.865898,5.821147,"ok","READY_TO_IMPORT","nominatim","official_club_db_sitemap; NL only"
"nl_6433603c72","Anytime Fitness Steenwijk","Anytime Fitness","Woldpoort 3","8331 KP","Steenwijk",52.787815,6.112209,"ok","READY_TO_IMPORT","nominatim","official_club_db_sitemap; NL only"
"nl_94d6d15d9b","Anytime Fitness Delft","Anytime Fitness","Beethovenlaan 230","2625 RW","Delft",51.989822,4.339387,"ok","READY_TO_IMPORT","nominatim","official_club_db_sitemap; NL only"
"nl_9c682a63c3","Anytime Fitness Maarssen","Anytime Fitness","Safariweg 38","3605 MA","Maarssen",52.135241,5.033449,"ok","READY_TO_IMPORT","nominatim","official_club_db_sitemap; NL only"
"nl_d6a6931d67","Anytime Fitness Bennekom","Anytime Fitness","Van Slootenplein 4","6721 JH","Bennekom",51.999708,5.676611,"ok","READY_TO_IMPORT","nominatim","official_club_db_sitemap; NL only"
"nl_017fc5200c","Anytime Fitness Beilen","Anytime Fitness","Linthorst Homanweg 24","9411 KC","Beilen",52.856744,6.506198,"ok","READY_TO_IMPORT","nominatim","official_club_db_sitemap; NL only"
"nl_6e91d013f2","Anytime Fitness Millingen","Anytime Fitness","Heerbaan 264","6566 EX","Millingen",51.867869,6.031425,"ok","READY_TO_IMPORT","nominatim","official_club_db_sitemap; NL only"
"nl_6bdd8cdb05","Anytime Fitness Voorburg","Anytime Fitness","Prins Bernhardlaan 175","2273 DP","Voorburg",52.075046,4.360935,"ok","READY_TO_IMPORT","nominatim","official_club_db_sitemap; NL only"
"nl_c1164842c6","Anytime Fitness Swalmen","Anytime Fitness","Dokter Crasbornplein 5","6071 JX","Swalmen",51.23216,6.036601,"ok","READY_TO_IMPORT","nominatim","official_club_db_sitemap; NL only"
"nl_3ac20d8e21","Anytime Fitness Etten-Leur","Anytime Fitness","Spoorlaan 21","4872 XM","Etten-Leur",51.574488,4.635116,"ok","READY_TO_IMPORT","nominatim","official_club_db_sitemap; NL only"
"nl_c556ec3b46","Anytime Fitness Goes","Anytime Fitness","Stationsplein 13","4461 HP","Goes",51.498459,3.890537,"ok","READY_TO_IMPORT","nominatim","official_club_db_sitemap; NL only"
"nl_3ac52e72b9","Anytime Fitness Doetinchem","Anytime Fitness","C. Missetstraat 49-53","7005 AA","Doetinchem",51.959504,6.28977,"ok","READY_TO_IMPORT","nominatim","official_club_db_sitemap; NL only"
"nl_c65aadbdee","Anytime Fitness Zutphen","Anytime Fitness","Donkeresteeg 43","7201 CR","Zutphen",52.14062,6.201777,"ok","READY_TO_IMPORT","nominatim","official_club_db_sitemap; NL only"
"nl_0cdeabf8a9","Anytime Fitness Vroomshoop","Anytime Fitness","Amaliaplein 10","7681 MG","Vroomshoop",52.461099,6.570971,"ok","READY_TO_IMPORT","nominatim","official_club_db_sitemap; NL only"
"nl_e95a4e0633","Anytime Fitness Den Haag - Wateringse Veld","Anytime Fitness","Madridweg 42","2548 VK","Den Haag - Wateringse Veld",52.019297,4.297728,"ok","READY_TO_IMPORT","nominatim","official_club_db_sitemap; NL only"
"nl_a451a63bf9","Anytime Fitness Alkmaar","Anytime Fitness","Europaplein 62-63","1825 TL","Alkmaar",52.655735,4.75778,"ok","READY_TO_IMPORT","nominatim","official_club_db_sitemap; NL only"
"nl_ad6921d0d0","Anytime Fitness Surhuisterveen","Anytime Fitness","De Dellen 2F","9231 EB","Surhuisterveen",53.182828,6.16775,"ok","READY_TO_IMPORT","nominatim","official_club_db_sitemap; NL only"
"nl_6b5afb6573","Anytime Fitness Noordwijkerhout","Anytime Fitness","Dorpsstraat 23","2211 GA","Noordwijkerhout",52.261712,4.491944,"ok","READY_TO_IMPORT","nominatim","official_club_db_sitemap; NL only"
"nl_cf207a14ed","Anytime Fitness Posterholt","Anytime Fitness","Heerbaan 19","6061 EB","Posterholt",51.122943,6.035715,"ok","READY_TO_IMPORT","nominatim","official_club_db_sitemap; NL only"
"nl_7be2901292","Anytime Fitness Malden","Anytime Fitness","Promenade 33a","6581 BW","Malden",51.781211,5.852873,"ok","READY_TO_IMPORT","nominatim","official_club_db_sitemap; NL only"
"nl_251ba49729","Anytime Fitness Raamsdonksveer","Anytime Fitness","Hoofdstraat 8 - 10","4941 DC","Raamsdonksveer",51.695727,4.873846,"ok","READY_TO_IMPORT","nominatim","official_club_db_sitemap; NL only"
"nl_e26546caf2","Anytime Fitness Bemmel","Anytime Fitness","Markt 47","6681 AG","Bemmel",51.891771,5.898588,"ok","READY_TO_IMPORT","nominatim","official_club_db_sitemap; NL only"
"nl_08d7b12b8d","Anytime Fitness Vlijmen","Anytime Fitness","De Akker 60","5251 CB","Vlijmen",51.695421,5.217835,"ok","READY_TO_IMPORT","nominatim","official_club_db_sitemap; NL only"
"nl_884b92d3e0","Anytime Fitness Tegelen","Anytime Fitness","Nachtegaalstraat 49","5932 CA","Tegelen",51.337472,6.147574,"ok","READY_TO_IMPORT","nominatim","official_club_db_sitemap; NL only"
"nl_18461b0ed4","Anytime Fitness Varsseveld","Anytime Fitness","Guldenweg 1a","7051 HT","Varsseveld",51.940963,6.478449,"ok","READY_TO_IMPORT","nominatim","official_club_db_sitemap; NL only"
"nl_71cd25940a","Anytime Fitness Nunspeet","Anytime Fitness","Elburgerweg 29","8071 TA","Nunspeet",52.386643,5.790865,"ok","READY_TO_IMPORT","nominatim","official_club_db_sitemap; NL only"
"nl_cfe267b6e7","Anytime Fitness Papendrecht","Anytime Fitness","Markt 167A","3351 PA","Papendrecht",51.827004,4.683502,"ok","READY_TO_IMPORT","nominatim","official_club_db_sitemap; NL only"
"nl_91a8d3fc0e","Anytime Fitness Ede","Anytime Fitness","Stadspoort 2A","6716 RH","Ede",52.018079,5.65094,"ok","READY_TO_IMPORT","nominatim","official_club_db_sitemap; NL only"
"nl_a6f10589cb","Anytime Fitness Maastricht","Anytime Fitness","Mergelweg 40","6212 XH","Maastricht",50.838439,5.684709,"ok","READY_TO_IMPORT","nominatim","official_club_db_sitemap; NL only"
"nl_0a06368d04","Anytime Fitness Deventer","Anytime Fitness","Karel de Groteplein 24","7415 DH","Deventer",52.268757,6.164741,"ok","READY_TO_IMPORT","nominatim","official_club_db_sitemap; NL only"
"nl_d18f614b9c","Anytime Fitness Oisterwijk","Anytime Fitness","Almystraat 12","5061 PA","Oisterwijk",51.581392,5.187583,"ok","READY_TO_IMPORT","nominatim","official_club_db_sitemap; NL only"
"nl_75487ff476","Anytime Fitness Numansdorp","Anytime Fitness","Wethouder van der Veldenweg 5a","3281 AN","Numansdorp",51.730304,4.440338,"ok","READY_TO_IMPORT","nominatim","official_club_db_sitemap; NL only"
"nl_e57000f6fa","Anytime Fitness Nederweert","Anytime Fitness","Lambertushof 4","6031 EP","Nederweert",51.28544,5.749263,"ok","READY_TO_IMPORT","nominatim","official_club_db_sitemap; NL only"
"nl_5b61732a19","Anytime Fitness Eindhoven","Anytime Fitness","Korianderstraat 12","5643 AS","Eindhoven",51.422396,5.49938,"ok","READY_TO_IMPORT","nominatim","official_club_db_sitemap; NL only"
"nl_448fd3e7ec","Anytime Fitness Boxmeer","Anytime Fitness","Veerstraat 8a","5831 JN","Boxmeer",51.648453,5.95145,"ok","READY_TO_IMPORT","nominatim","official_club_db_sitemap; NL only"
"nl_ff2a2e973a","Anytime Fitness Nuth","Anytime Fitness","Stationstraat 18","6361 BH","Nuth",50.92108,5.890699,"ok","READY_TO_IMPORT","nominatim","official_club_db_sitemap; NL only"
"nl_02fbc8834b","Anytime Fitness Landgraaf (Ubach over Worms)","Anytime Fitness","Hovenstraat 126","6374 HG","Landgraaf (Ubach over Worms)",50.915382,6.050677,"ok","READY_TO_IMPORT","nominatim","official_club_db_sitemap; NL only"
"nl_dff3b39c8a","Anytime Fitness Veldhoven","Anytime Fitness","Heibocht 10","5508 VX","Veldhoven",51.427565,5.391357,"ok","READY_TO_IMPORT","nominatim","official_club_db_sitemap; NL only"
"nl_c36adb2d09","Anytime Fitness Rotterdam-Zevenkamp","Anytime Fitness","Griendwerkerstraat 7 -13","3068 GZ","Rotterdam-Zevenkamp",51.964803,4.571449,"ok","READY_TO_IMPORT","nominatim","official_club_db_sitemap; NL only"
"nl_440b0e1d85","Anytime Fitness Almere","Anytime Fitness","Prozastraat 111C","1321 GZ","Almere",52.35762,5.182753,"ok","READY_TO_IMPORT","nominatim","official_club_db_sitemap; NL only"
"nl_d37c11f5b9","Anytime Fitness Prinsenbeek","Anytime Fitness","Schoolstraat 11","4841 XC","Prinsenbeek",51.599404,4.716437,"ok","READY_TO_IMPORT","nominatim","official_club_db_sitemap; NL only"
"nl_634cad5c12","Anytime Fitness Zeist","Anytime Fitness","Emmaplein 12","3701 DA","Zeist",52.086719,5.240805,"ok","READY_TO_IMPORT","nominatim","official_club_db_sitemap; NL only"
"nl_bfaa3894bf","Anytime Fitness Krommenie","Anytime Fitness","Heiligeweg 49","1561 DE","Krommenie",52.500944,4.764788,"ok","READY_TO_IMPORT","nominatim","official_club_db_sitemap; NL only"
"nl_3a2a73dcd6","Anytime Fitness Zuidlaren","Anytime Fitness","Stationsweg 21","9471 GK","Zuidlaren",53.092651,6.683265,"ok","READY_TO_IMPORT","nominatim","official_club_db_sitemap; NL only"
"nl_44085e05fa","Anytime Fitness Beek & Donk","Anytime Fitness","Piet van Thielplein 5","5741 CP","Beek & Donk",51.538125,5.629438,"ok","READY_TO_IMPORT","nominatim","official_club_db_sitemap; NL only"
"nl_59f7361bc4","Anytime Fitness Dongen","Anytime Fitness","Hoge Ham 168C","5104 JM","Dongen",51.625215,4.94483,"ok","READY_TO_IMPORT","nominatim","official_club_db_sitemap; NL only"
"nl_05e9341084","Anytime Fitness 's-Gravenzande","Anytime Fitness","Graaf Willem 2 straat 25","2691 MW","'s-Gravenzande","","","failed","NEEDS_COORDINATES","","official_club_db_sitemap; NL only"
"nl_7ce066a940","Anytime Fitness Mill","Anytime Fitness","Kerkstraat 14","5451 BM","Mill",51.687454,5.783543,"ok","READY_TO_IMPORT","nominatim","official_club_db_sitemap; NL only"
"nl_218e74403c","Anytime Fitness Goirle","Anytime Fitness","Hovel 62","5051 NR","Goirle",51.520767,5.069498,"ok","READY_TO_IMPORT","nominatim","official_club_db_sitemap; NL only"
"nl_364bb157c8","Anytime Fitness Medemblik","Anytime Fitness","Admiraliteitsweg 6A","1671 JA","Medemblik",52.762166,5.101746,"ok","READY_TO_IMPORT","nominatim","official_club_db_sitemap; NL only"
"nl_e204b4e6cf","Anytime Fitness Rhenen","Anytime Fitness","Valleiweg 24","3911 DD","Rhenen",51.964271,5.573979,"ok","READY_TO_IMPORT","nominatim","official_club_db_sitemap; NL only"
"nl_b73e5db93d","Anytime Fitness Middelharnis","Anytime Fitness","Westelijke Achterweg 33","3241 EH","Middelharnis",51.758821,4.164305,"ok","READY_TO_IMPORT","nominatim","official_club_db_sitemap; NL only"
"nl_c54b6d190f","Anytime Fitness Genemuiden","Anytime Fitness","Klaas Fuitestraat 46","8281 BZ","Genemuiden",52.623604,6.045992,"ok","READY_TO_IMPORT","nominatim","official_club_db_sitemap; NL only"
"nl_747bed8519","Anytime Fitness Venray","Anytime Fitness","Julianasingel 5","5802 AS","Venray",51.527291,5.977149,"ok","READY_TO_IMPORT","nominatim","official_club_db_sitemap; NL only"
"nl_01d3c85191","Anytime Fitness Leek","Anytime Fitness","Industriepark 5A","9351 PA","Leek",53.169064,6.375269,"ok","READY_TO_IMPORT","nominatim","official_club_db_sitemap; NL only"
"nl_a397e6a8a7","Anytime Fitness Ermelo","Anytime Fitness","Stationsstraat 17-19","3851 NA","Ermelo",52.300752,5.627807,"ok","READY_TO_IMPORT","nominatim","official_club_db_sitemap; NL only"
"nl_9def658b79","Anytime Fitness Ommen","Anytime Fitness","Markt 49","7731 DB","Ommen",52.518451,6.420926,"ok","READY_TO_IMPORT","nominatim","official_club_db_sitemap; NL only"
"nl_aa84890ca5","Anytime Fitness Rotterdam","Anytime Fitness","G.B. Shawplaats 430","3068 WJ","Rotterdam",51.961805,4.549807,"ok","READY_TO_IMPORT","nominatim","official_club_db_sitemap; NL only"
"nl_0c693dea05","Anytime Fitness Assen","Anytime Fitness","Roegoorn 1","9403 NR","Assen",53.014671,6.581827,"ok","READY_TO_IMPORT","nominatim","official_club_db_sitemap; NL only"
"nl_86e508364d","Anytime Fitness Wijchen","Anytime Fitness","Burchtstraat 11","6602 AP","Wijchen",51.807908,5.723957,"ok","READY_TO_IMPORT","nominatim","official_club_db_sitemap; NL only"
"nl_7614848981","Gym Molenvlietweg 24/7 Aalsmeer","Basic-Fit","Molenvlietweg 18","1432 GW","Aalsmeer",52.26615,4.777903,"ok","READY_TO_IMPORT","nominatim","official_clubfinder_json_ld"
"nl_87d7ec6dfd","Gym Oosterweezenstraat Alkmaar","Basic-Fit","Oosterweezenstraat 15","1823 CN","Alkmaar",52.63507,4.751788,"ok","READY_TO_IMPORT","nominatim","official_clubfinder_json_ld"
"nl_cb0b8a8494","Gym Terborchlaan 24/7 Alkmaar","Basic-Fit","Terborchlaan 299","1816 MH","Alkmaar",52.633571,4.714559,"ok","READY_TO_IMPORT","nominatim","official_clubfinder_json_ld"
"nl_5bcc000067","Gym Groenplein 24/7 Almelo","Basic-Fit","Groenplein 2","7604 BG","Almelo",52.359735,6.62831,"ok","READY_TO_IMPORT","nominatim","official_clubfinder_json_ld"
"nl_ac669b8eb6","Gym Stadionlaan 24/7 Almelo","Basic-Fit","Van Riemsdijkplein 34","7606 ZA","Almelo",52.338138,6.650678,"ok","READY_TO_IMPORT","nominatim","official_clubfinder_json_ld"
"nl_f9e03f6964","Gym Corridor Ladies Almere","Basic-Fit","Corridor 7","1315 TN","Almere",52.369484,5.219325,"suspicious","READY_TO_IMPORT","nominatim","official_clubfinder_json_ld; soft_postal"
"nl_1c58b5c1a2","Gym Donjon 24/7 Almere","Basic-Fit","Donjon 9","1315 XH","Almere",52.369818,5.220402,"ok","READY_TO_IMPORT","nominatim","official_clubfinder_json_ld"
"nl_ec2039fcb3","Gym Dwangmolenstraat 24/7 Almere","Basic-Fit","Dwangmolenstraat 8","1333 GW","Almere",52.395514,5.269027,"ok","READY_TO_IMPORT","nominatim","official_clubfinder_json_ld"
"nl_2d41fffe9d","Gym Editiestraat 24/7 Almere","Basic-Fit","Editiestraat 22","1321 NG","Almere",52.352243,5.175321,"ok","READY_TO_IMPORT","nominatim","official_clubfinder_json_ld"
"nl_5b4420afd5","Gym Sumatraweg 24/7 Almere","Basic-Fit","Sumatraweg 22","1335 JM","Almere",52.400507,5.295144,"ok","READY_TO_IMPORT","nominatim","official_clubfinder_json_ld"
"nl_c1e00a12a6","Gym Trekweg 24/7 Almere","Basic-Fit","Trekweg 51","1338 GA","Almere",52.380662,5.283504,"ok","READY_TO_IMPORT","nominatim","official_clubfinder_json_ld"
"nl_b90d78c451","Gym Sportlaan 24/7 Alphen aan den Rijn","Basic-Fit","Sportlaan 2","2406 LD","Alphen aan den Rijn",52.13499,4.67276,"ok","READY_TO_IMPORT","nominatim","official_clubfinder_json_ld"
"nl_82fe908fb3","Gym Groningerstraat 24/7 Amersfoort","Basic-Fit","Groningerstraat 172","3812 EG","Amersfoort",52.158457,5.379018,"ok","READY_TO_IMPORT","nominatim","official_clubfinder_json_ld"
"nl_976c8687d9","Gym Ierse Pond Amersfoort","Basic-Fit","Ierse Pond 2","3825 HK","Amersfoort",52.188992,5.412946,"ok","READY_TO_IMPORT","nominatim","official_clubfinder_json_ld"
"nl_45ddf34ea6","Gym Lageweg Amersfoort","Basic-Fit","Lageweg 14-16","3815 VG","Amersfoort",52.162448,5.411398,"ok","READY_TO_IMPORT","nominatim","official_clubfinder_json_ld"
"nl_73d1068d37","Gym Van Der Hooplaan 24/7 Amstelveen","Basic-Fit","Van der Hooplaan 237","1185 LN","Amstelveen",52.289108,4.852858,"ok","READY_TO_IMPORT","nominatim","official_clubfinder_json_ld"
"nl_f472dd7f2b","Clubsportive Amsterdam Zuidas","Clubsportive","Gustav Mahlerlaan 24","1082 MC","Amsterdam",52.33683,4.872796,"ok","READY_TO_IMPORT","nominatim","official_website; premium single-location; part of Urban Gym Group"
"nl_a4726a7ee1","David Lloyd Amsterdam","David Lloyd","Overtoom 557","1054 LK","Amsterdam",52.357616,4.855931,"ok","READY_TO_IMPORT","nominatim","official_club_page; premium club with pool/spa"
"nl_825f9843db","David Lloyd Utrecht","David Lloyd","Mississippidreef 161","3565 CE","Utrecht",52.122393,5.087345,"ok","READY_TO_IMPORT","nominatim","official_club_page; premium club with pool/spa"
"nl_307d64b801","David Lloyd Eindhoven","David Lloyd","Peter Zuidlaan 30","5502 NH","Veldhoven",51.423091,5.425916,"ok","READY_TO_IMPORT","nominatim","official_club_page; premium club with pool/spa"
"nl_461954f345","David Lloyd Rotterdam Centrum","David Lloyd","Benthemplein 10","3032 CC","Rotterdam",51.927485,4.476167,"ok","READY_TO_IMPORT","nominatim","official_club_page; premium club with pool/spa"
"nl_d8b9f40b9a","David Lloyd Rotterdam Blijdorp","David Lloyd","Energieweg 9","3041 JC","Rotterdam",51.92657,4.441089,"ok","READY_TO_IMPORT","nominatim","official_club_page; premium club with pool/spa"
"nl_679835186b","David Lloyd Capelle","David Lloyd","P.C. Boutenssingel 5","2902 BG","Capelle aan den IJssel",51.922892,4.573826,"ok","READY_TO_IMPORT","nominatim","official_club_page; premium club with pool/spa"
"nl_6585e9b321","HealthCity Waalwijk","HealthCity","De Gaard 126","5146 AW","Waalwijk",51.675939,5.047303,"ok","READY_TO_IMPORT","nominatim","from openingstijdengids/newgym listings; verify current status"
"nl_128de24ddc","HealthCity Vught","HealthCity","Kraaiengatweg 3","5262 LK","Vught",51.635119,5.278011,"ok","READY_TO_IMPORT","nominatim","from openingstijdengids/newgym listings; verify current status"
"nl_e1505a592d","HealthCity Groningen","HealthCity","Westerhaven 46","9718 AC","Groningen",53.214972,6.556809,"ok","READY_TO_IMPORT","nominatim","from openingstijdengids/newgym listings; verify current status"
"nl_721fb1bed1","HealthCity Oisterwijk","HealthCity","Moergestelseweg 36","5062 JW","Oisterwijk",51.573019,5.181523,"ok","READY_TO_IMPORT","nominatim","from openingstijdengids/newgym listings; verify current status"
"nl_a285525176","HealthCity Eindhoven Stadionplein","HealthCity","Stadionplein 2","5616 RX","Eindhoven",51.4414,5.468816,"ok","READY_TO_IMPORT","nominatim","from openingstijdengids/newgym listings; verify current status"
"nl_4de105d579","HealthCity Den Haag","HealthCity","Grote Marktstraat 157","2511 BJ","Den Haag",52.077017,4.314186,"ok","READY_TO_IMPORT","nominatim","from openingstijdengids/newgym listings; verify current status"
"nl_62dad8a67b","HealthCity Utrecht","HealthCity","Herculesplein 375-377","3584 AA","Utrecht",52.078665,5.144597,"ok","READY_TO_IMPORT","nominatim","from openingstijdengids/newgym listings; verify current status"
"nl_5833a87c0c","HealthCity Enschede","HealthCity","Oosterstraat 1","7514 DX","Enschede",52.224072,6.90038,"ok","READY_TO_IMPORT","nominatim","from openingstijdengids/newgym listings; verify current status"
"nl_abbc681b6f","HealthCity Eindhoven Aalsterweg","HealthCity","Aalsterweg 135","5644 RA","Eindhoven",51.423368,5.485772,"ok","READY_TO_IMPORT","nominatim","from openingstijdengids/newgym listings; verify current status"
"nl_1e176f779a","HealthCity Hoofddorp Daalmeerstraat","HealthCity","Daalmeerstraat 871","2131 HC","Hoofddorp",52.314408,4.694459,"ok","READY_TO_IMPORT","nominatim","from openingstijdengids/newgym listings; verify current status"
"nl_a5f7364871","HealthCity Amsterdam KW-plein","HealthCity","Koningin Wilhelminaplein 13","1062 HH","Amsterdam",52.354413,4.841015,"ok","READY_TO_IMPORT","nominatim","from openingstijdengids/newgym listings; verify current status"
"nl_11786b1723","HealthCity Hoofddorp Hoofdweg","HealthCity","Hoofdweg 871","2131 MB","Hoofddorp",52.289632,4.66661,"ok","READY_TO_IMPORT","nominatim","from openingstijdengids/newgym listings; verify current status"
"nl_07f1e9d8fc","HealthCity Rotterdam Kralingen","HealthCity","Kralingseweg 224","3062 CG","Rotterdam",51.928107,4.536195,"ok","READY_TO_IMPORT","nominatim","from openingstijdengids/newgym listings; verify current status"
"nl_45da901436","HealthCity Rosmalen","HealthCity","Groote Vlietlaan 15","5245 PA","Rosmalen",51.723945,5.347363,"ok","READY_TO_IMPORT","nominatim","from openingstijdengids/newgym listings; verify current status"
"nl_41bf420851","HealthCity Badhoevedorp","HealthCity","Sloterweg 301","1171 VB","Badhoevedorp",52.334218,4.771136,"ok","READY_TO_IMPORT","nominatim","from openingstijdengids/newgym listings; verify current status"
"nl_c990b5eefd","HealthCity Rotterdam Boompjes","HealthCity","Boompjes 751","3011 XZ","Rotterdam",51.916902,4.491672,"ok","READY_TO_IMPORT","nominatim","from openingstijdengids/newgym listings; verify current status"
"nl_427f3f7b81","HealthCity Bergen op Zoom","HealthCity","Bastionweg 30","4614 RM","Bergen op Zoom",51.505346,4.305797,"ok","READY_TO_IMPORT","nominatim","from openingstijdengids/newgym listings; verify current status"
"nl_f100e5ce33","HealthCity Nuenen","HealthCity","Duivendijk 1-cd","5672 AD","Nuenen","","","ambiguous","NEEDS_REVIEW","","from openingstijdengids/newgym listings; verify current status"
"nl_12e40d59c1","HealthCity Borne","HealthCity","Hosbekkeweg 5-a","7621 AC","Borne","","","ambiguous","NEEDS_REVIEW","","from openingstijdengids/newgym listings; verify current status"
"nl_eff667143f","HealthCity Amstelveen","HealthCity","Stadsplein 97","1181 ZM","Amstelveen",52.302472,4.859811,"ok","READY_TO_IMPORT","nominatim","from openingstijdengids/newgym listings; verify current status"
"nl_816a817dab","HealthCity Den Bosch","HealthCity","Onderwijsboulevard 52","5223 DH","Den Bosch",51.691171,5.288733,"ok","READY_TO_IMPORT","nominatim","from openingstijdengids/newgym listings; verify current status"
"nl_9fe9995972","Optisport Health Club Amsterdam Zuidoost","Optisport","Bijlmerpark 76","1102 DA","Amsterdam","","","failed","NEEDS_COORDINATES","","official_fitness_locaties; gym/fitness location (not pool-only)"
"nl_185cc174d9","Optisport Health Club Rotterdam Prinsenland","Optisport","Bramanteplein 2","3066 BH","Rotterdam",51.936605,4.551838,"ok","READY_TO_IMPORT","nominatim","official_fitness_locaties; gym/fitness location (not pool-only)"
"nl_2cee9bb9fc","Optisport Health Club Soest","Optisport","Dalplein 9","3762 CP","Soest",52.175886,5.294808,"suspicious","READY_TO_IMPORT","nominatim","official_fitness_locaties; gym/fitness location (not pool-only); soft_postal"
"nl_c4cdc7426c","Optisport Health Club Dordrecht","Optisport","Amnesty Internationallaan 50","3317 BS","Dordrecht","","","failed","NEEDS_COORDINATES","","official_fitness_locaties; gym/fitness location (not pool-only)"
"nl_b88dcc9489","Optisport Health Club Mijdrecht","Optisport","Bozenhoven 83","3641 AK","Mijdrecht",52.205794,4.865634,"suspicious","READY_TO_IMPORT","nominatim","official_fitness_locaties; gym/fitness location (not pool-only); soft_postal"
"nl_cd52491872","Optisport Health Club Dalfsen","Optisport","Wilhelminastraat 4","7721 CC","Dalfsen",52.505282,6.260852,"suspicious","READY_TO_IMPORT","nominatim","official_fitness_locaties; gym/fitness location (not pool-only); soft_postal"
"nl_fc7d6b241c","Optisport Health Club Zwolle","Optisport","Ceintuurbaan 24","8024 AA","Zwolle",52.52604,6.116081,"ok","READY_TO_IMPORT","nominatim","official_fitness_locaties; gym/fitness location (not pool-only)"
"nl_38254bd467","Optisport Health Club Sneek","Optisport","Lemmerweg 6","8608 AA","Sneek",53.028866,5.658705,"ok","READY_TO_IMPORT","nominatim","official_fitness_locaties; gym/fitness location (not pool-only)"
"nl_16a8a8f50b","Optisport Health Club Medemblik","Optisport","Compagniesingel 2","1671 DE","Medemblik",52.766643,5.104042,"suspicious","READY_TO_IMPORT","nominatim","official_fitness_locaties; gym/fitness location (not pool-only); soft_postal"
"nl_1bb0edd906","Snap Fitness Alkmaar","Snap Fitness","Edisonweg 1K","1821 BN","Alkmaar",52.626788,4.772091,"ok","READY_TO_IMPORT","nominatim","official_club_page; NL franchise"
"nl_5ae06b8593","Snap Fitness Breda","Snap Fitness","Tramsingel 23-A16","4814 AB","Breda",51.591152,4.766625,"ok","READY_TO_IMPORT","nominatim","official_club_page; NL franchise"
"nl_ff70a1273d","Snap Fitness Den Haag","Snap Fitness","Elandstraat 160A","2513 GW","Den Haag",52.079752,4.295568,"ok","READY_TO_IMPORT","nominatim","official_club_page; NL franchise"
"nl_f6676fd8bf","Snap Fitness Rotterdam","Snap Fitness","Gedempte Zalmhaven 359","3011 BT","Rotterdam",51.911343,4.481338,"ok","READY_TO_IMPORT","nominatim","official_club_page; NL franchise"
"nl_dd4b9d28e2","Snap Fitness Schijndel","Snap Fitness","Hoofdstraat 75A","5481 AB","Schijndel",51.618968,5.433465,"ok","READY_TO_IMPORT","nominatim","official_club_page; NL franchise"
"nl_5d420dd213","Snap Fitness Tilburg","Snap Fitness","Ketelhavenplein 154","5045 NE","Tilburg",51.574686,4.993588,"ok","READY_TO_IMPORT","nominatim","official_club_page; NL franchise"
"nl_0a58d5dc24","SportCity (121 clubs — JS locator not scraped)","SportCity","","","","","","","NEEDS_REVIEW","","SportCity locator is JS-rendered (no API/JSON-LD); ~121 clubs across NL; former Fit For Free fully rebranded Oct 2022; individual club addresses require browser-based extraction in Phase 2"
